r11,r21,r12,r22,tx,ty
1.00196,0.000575595,0.000467257,1.00208,9.21419,3.28388
1.00197,0.00112643,0.000343305,1.00184,12.2814,3.34411
1.00172,0.000426735,0.000195011,1.00141,12.8244,3.48496
1.00125,0.00105409,-0.000171103,1.00112,10.3147,3.5316
1.0005,0.000488096,-0.000176309,1.0003,7.85833,2.77858
0.999622,0.000466171,-0.000193197,0.999612,5.51944,2.25788
0.999107,0.000355866,-0.000208628,0.99901,2.82282,1.65183
0.998725,3.21631e-05,-0.000135579,0.998744,0.841659,0.898274
0.998327,-1.35991e-05,-6.69887e-05,0.998367,-0.102596,0.924465
0.99819,-0.000222039,0.000133822,0.998404,-0.816361,0.894168
0.998599,-2.26427e-05,4.87199e-05,0.998619,-0.949728,0.740353
0.998587,-0.000110439,6.28626e-05,0.998625,-0.797024,0.921514
0.998537,-0.000118096,0.000120945,0.998676,-0.885515,0.805968
0.998946,-0.000426087,0.000316455,0.998908,-1.15839,0.774502
0.999519,-0.000221223,0.000122825,0.999608,-0.998407,0.219604
1.00004,-0.000112288,0.000150983,1.00003,-1.02474,-0.0579046
1.00042,-8.27437e-05,6.27191e-05,1.00031,-0.834462,-0.134332
1.0005,-0.000248563,9.8248e-05,1.00048,-1.11652,-0.1609
1.00055,-0.000152683,0.000188266,1.00055,-1.13751,-0.230901
1.00058,-0.00060638,0.000333144,1.00054,-1.12511,0.0118015
1.00057,-0.000961385,0.00108737,1.00047,-1.49808,-0.84676
1.00066,-0.00110755,0.00109765,1.0003,-0.661523,-3.15018
1.00063,-0.000729897,0.000775741,1.00025,-0.0165158,-4.85011
1.0004,-0.000255458,0.000365376,0.999742,0.926588,-6.38669
1.00021,-8.67822e-05,-0.000100704,0.999543,1.75697,-7.52863
0.999963,-0.000118985,7.49303e-05,0.999021,1.71807,-8.49613
1.0003,0.000185123,0.000126937,0.999526,3.63338,-9.81518
1.00047,0.000237191,9.36328e-05,0.999569,6.20754,-10.1348
1.00055,0.000444896,-7.70039e-05,0.999705,7.886,-9.43803
1.00076,0.000744414,-6.15588e-05,0.999795,9.49942,-8.59065
1.00112,0.00067092,7.67449e-05,1.00023,10.9187,-7.97877
1.00131,0.000884767,-1.87339e-05,1.00041,12.2966,-7.24115
1.00126,0.00087032,9.07673e-05,1.00042,13.4122,-6.40708
1.00105,0.00102874,-4.31081e-05,1.0003,14.5069,-5.90272
1.00085,0.000943345,0.000113807,1.00002,15.4666,-5.30233
1.00069,0.00109833,0.000169558,0.999916,16.3064,-4.78762
1.00057,0.00115815,5.97599e-05,0.999768,16.8745,-4.29043
1.00055,0.00128541,5.51245e-05,0.999867,17.4569,-3.95931
1.00045,0.0012684,0.000103151,0.999661,18.0897,-3.3762
1.00046,0.00155327,-4.79482e-06,0.999817,18.563,-3.27469
1.00052,0.00127529,0.000116777,0.999699,19.2665,-3.08171
1.00056,0.00123415,0.000151094,0.999797,19.6776,-2.77859
1.00068,0.00151563,7.64769e-05,0.99986,20.1143,-2.7683
1.00056,0.00139861,0.000210102,0.999727,20.5256,-2.32489
1.00053,0.00113724,0.000288551,0.999587,19.7066,-3.89595
1.00046,0.0011393,0.000136013,0.999463,19.3082,-4.99679
1.00028,0.0014691,8.0088e-05,0.999153,19.3059,-6.01709
1.00016,0.00109543,0.000102697,0.998986,19.2991,-7.03377
1.00001,0.00127212,-2.54061e-05,0.998828,18.9793,-7.95474
1.00002,0.00147312,-5.14575e-05,0.998561,19.0255,-8.81834
0.999931,0.00126279,-8.35229e-05,0.998591,18.5855,-9.86111
0.999885,0.00116103,-0.000173491,0.998406,18.345,-10.676
0.999832,0.00108816,-0.000132625,0.998395,18.1811,-11.6219
1.00005,0.00138182,-0.000218962,0.998585,18.1127,-11.7894
0.99995,0.00118419,-0.000234145,0.998243,18.0325,-12.5465
0.999982,0.00129025,-8.23514e-05,0.99851,17.9265,-12.8997
0.999972,0.00121187,-0.000220425,0.998398,18.6082,-12.4715
1.00033,0.00180208,-0.000529754,0.998968,19.3876,-11.7442
1.00056,0.00182088,-0.000431676,0.999121,19.9864,-10.6531
1.00082,0.00213659,-0.000881391,0.999599,20.4435,-9.0697
1.00092,0.00214537,-0.00070797,1.00007,20.2249,-6.78121
1.00099,0.00210092,-0.000719187,1.00021,19.8055,-4.54121
1.00113,0.00201369,-0.00067438,1.00053,19.479,-2.48554
1.00123,0.00215778,-0.000522485,1.00063,19.2744,-0.507554
1.00115,0.00192367,-0.000484352,1.00087,19.1136,0.891953
1.00112,0.0019509,-0.000397354,1.00095,18.9053,2.73949
1.00112,0.00187205,-0.000332555,1.0011,18.6133,4.20672
1.00111,0.00165699,-4.87095e-05,1.00102,18.5184,5.62351
1.00117,0.00179054,-7.33553e-05,1.00136,18.1933,6.52296
1.00129,0.00160868,6.88197e-05,1.00129,18.1683,7.59024
1.00129,0.00150477,0.000117913,1.0015,17.9765,8.29355
1.00132,0.00154,0.000114612,1.00163,17.7163,8.85133
1.0013,0.00129596,0.000645765,1.0015,20.7657,10.1691
1.00096,0.000107503,0.000652369,1.0011,15.5355,8.86059
1.0008,0.000748647,0.000477888,1.00093,12.8205,7.66032
1.00057,0.00115749,0.000110889,1.00067,12.5734,6.98416
1.00045,0.000824346,0.000307539,1.00051,12.2463,5.9127
1.00065,0.00091492,0.000292284,1.00041,12.6007,4.13032
1.00078,0.000874531,0.000410964,1.00062,13.6383,3.14506
1.00092,0.00072723,0.000525564,1.00049,14.5065,2.25002
1.00108,0.000866758,0.000473575,1.00067,15.288,1.04373
1.00125,0.00089558,0.00048887,1.0007,15.9399,0.133788
1.00125,0.000974028,0.000411764,1.00075,16.7082,-0.476301
1.00119,0.00103808,0.000361417,1.00055,17.3442,-1.51423
1.00121,0.00107918,0.000309098,1.00049,18.1878,-1.73689
1.00106,0.00138732,0.000176583,1.00023,18.689,-2.59955
1.0013,0.00166722,0.000152805,1.00038,21.1084,-3.12047
1.00166,0.00125756,0.000197993,1.00088,23.4153,-1.73961
1.00128,0.000484625,4.10378e-05,1.00067,19.0813,-0.210362
1.00107,0.00118501,-0.000359492,1.00065,14.9672,0.659219
1.00092,0.000744746,-0.000406857,1.0007,11.1481,1.09939
1.00044,0.000701968,-0.000460701,1.00024,8.27996,1.30426
0.999918,0.000530148,-0.000470493,0.999766,5.04639,1.03567
0.999496,0.000391549,-0.000441044,0.999615,1.49566,0.210949
0.99918,0.000944511,-0.00101616,0.999161,0.458664,0.207268
0.998832,0.00107064,-0.00102861,0.998902,-0.0738102,0.307376
0.99859,0.000855562,-0.000885976,0.998707,-0.572242,0.148334
0.998799,0.000718066,-0.000700199,0.998827,-0.92546,0.265284
0.998857,0.000541461,-0.000538758,0.998978,-1.2066,0.268685
0.999001,0.000526625,-0.000517166,0.999053,-0.983191,0.156014
0.999006,0.000237401,-0.000373607,0.999142,-1.39952,-0.000772959
0.999389,0.000216715,-0.00022338,0.999437,-1.34871,0.116337
0.999958,0.000308955,-0.000176562,0.99993,-1.34884,-0.0292691
1.00056,0.000278616,-0.000321034,1.0005,-1.43122,-0.266986
1.00093,0.000335746,-0.000346236,1.00096,-1.3483,-0.190615
1.00105,0.000338102,-0.000301793,1.00105,-1.20469,-0.317191
1.0011,8.08544e-05,-0.000217884,1.00107,-0.980423,-0.282613
1.00106,0.000279298,-0.000272121,1.00119,-1.04985,-0.49914
1.00107,0.000295462,-0.000233054,1.00104,-0.871486,-0.382471
1.00108,0.000214344,-0.000272021,1.00106,-1.01436,-0.392952
1.00096,9.37268e-05,-0.000182155,1.00107,-1.1796,-0.41966
1.00091,-7.41171e-05,-3.54693e-05,1.00091,-1.30596,-0.285702
1.001,-0.000259199,0.000498415,1.00102,-0.607189,-0.451952
1.00139,-0.0001552,0.000616294,1.00119,3.15271,-0.844457
1.00131,-1.74249e-05,0.000526636,1.00125,4.95772,-0.317651
1.00127,0.000299245,0.00045103,1.00105,6.89624,-0.31632
1.00139,0.000280337,0.000539234,1.0013,8.56723,0.184544
1.00126,0.000563376,0.000467907,1.0012,9.7927,0.56811
1.00106,0.00103195,0.000489832,1.00092,11.8787,1.35025
1.00093,-0.000311355,0.000668896,1.00053,14.0808,1.6603
1.00054,0.000349886,7.87663e-05,1.00021,10.7546,1.74632
0.999997,0.000534609,-0.000112873,0.999853,7.68644,1.61692
0.999408,0.000227339,-0.000190229,0.999316,4.79585,1.23169
0.999048,-0.000121814,-6.30339e-05,0.999141,1.09232,0.30988
0.998532,0.000427124,-0.000405472,0.998626,-0.611992,0.0678972
0.998333,0.000406427,-0.000470356,0.998392,-0.731577,0.208629
0.998209,0.00035952,-0.00041948,0.998383,-1.41091,0.100952
0.998396,6.82791e-05,-0.0001694,0.998506,-1.85391,0.244361
0.998738,-0.000117609,-5.5022e-05,0.998596,-1.72548,-0.175332
0.999127,0.000342267,-0.000220124,0.999146,-1.40229,-0.595565
0.999629,0.000251348,-0.000312453,0.99957,-1.01398,-0.385796
0.999767,0.000110917,-0.000224546,0.999784,-0.959406,-0.210313
0.999783,0.000130219,-0.000133177,0.999839,-1.25229,-0.165015
0.999918,0.000173418,-0.000150431,0.999972,-0.849733,-0.217835
0.999953,0.000365727,-0.000159517,1.00001,-0.602089,-0.130507
0.999932,0.000193998,-0.000110191,0.999973,-0.49227,-0.0172646
1.00005,0.000144019,-0.000166439,1.00007,-0.461782,0.0924312
1.00028,0.000287558,-0.000130835,1.00015,-0.631174,0.0159891
1.00045,0.000327331,-0.000287812,1.00042,-0.476231,-0.196288
1.00056,0.00011459,-0.000133441,1.00038,-0.477516,0.0340018
1.00057,0.000212714,-0.000112419,1.00052,-0.59505,0.0632889
1.0007,6.9416e-05,-8.6298e-05,1.00062,-0.748619,0.00848108
1.0008,0.000155331,-0.000108638,1.00074,-0.977697,-0.131635
1.00082,0.000216134,-0.000179808,1.00082,-0.333308,-0.147641
1.00082,0.000147648,-8.26517e-05,1.00074,-0.219752,-0.123636
1.00078,0.000111749,-8.40973e-05,1.00071,-0.215961,-0.00879079
1.0007,6.03901e-05,-9.8066e-05,1.00065,-0.367053,-0.121199
1.00055,5.38148e-05,-5.32289e-05,1.00052,-0.283549,-0.100809
1.0006,-2.91067e-05,-0.000102097,1.00062,-0.475481,-0.270179
1.0004,8.59382e-05,1.26112e-05,1.00034,-0.380991,-0.143892
1.00047,-0.000133777,5.67087e-07,1.00034,-0.377382,-0.173176
1.00028,5.96478e-05,-2.77115e-06,1.0002,-0.350838,-0.0375184
1.00032,8.24446e-05,-4.69145e-05,1.0002,-0.305206,-0.0172909
1.00017,4.74984e-06,-1.74686e-05,1.00014,-0.359064,0.0153452
1.00021,-0.000174057,1.86593e-05,1.00018,-0.304539,0.0443559
1.00011,3.1423e-05,2.30808e-05,1.00008,-0.101145,-0.028358
1.00005,2.4377e-05,-1.16566e-05,1.00007,-0.0560526,-0.00910686
0.999958,1.2194e-05,-2.37535e-05,1.00001,-0.21147,0.0118717
0.999899,2.12913e-06,-4.67244e-05,0.999904,-0.0313912,-0.0371002
0.999844,0.000121425,-8.35659e-05,0.999911,0.0317578,0.0169349
0.99976,2.61726e-05,-8.7358e-05,0.999754,0.0449861,0.103287
0.999707,2.95366e-05,-1.71408e-05,0.999613,0.0491942,0.172414
0.99967,8.40979e-05,-5.06082e-05,0.999587,0.125207,0.236489
0.999758,-7.77786e-06,-2.14e-05,0.999725,0.0888083,0.179147
0.999706,-0.000167868,2.35337e-05,0.999869,-0.266152,0.102328
1.00013,-0.00023989,0.000627196,1.00023,0.367047,0.764461
1.00023,-6.8417e-05,0.000396834,1.0004,2.38662,1.87561
1.00002,0.000100464,0.000210468,1.00039,3.22992,3.30174
1.00019,0.000361707,0.000354547,1.00052,4.12179,4.6269
1.00042,9.82547e-05,0.000458101,1.00083,5.16896,5.63151
1.0006,0.000337378,0.00050378,1.0012,5.99707,6.60469
1.00057,0.000175106,0.000708478,1.00096,7.08298,7.81932
1.00047,0.000294227,0.000826888,1.00094,8.99776,7.89564
1.00059,0.000557628,0.000720813,1.00086,10.4823,7.74735
1.00069,0.000786927,0.000677354,1.00097,12.2689,7.43572
1.00104,0.000307978,0.000760687,1.0007,16.2783,6.76734
1.00093,0.000861998,0.000146356,1.00091,12.8619,5.72126
1.00063,0.000486616,-3.66358e-05,1.00057,9.933,4.68075
1.00023,0.000645826,-0.000217181,1.00007,7.59713,3.68812
0.999771,0.000484193,-0.000199967,0.999831,5.32731,2.95756
0.999415,0.00035853,-0.000258694,0.999383,2.57233,1.88804
0.999075,-0.000307648,3.82049e-05,0.999245,-0.612669,0.991823
0.99915,5.02876e-05,0.000416969,0.999196,0.635321,0.442034
0.999185,2.48306e-05,0.000418684,0.999072,3.68119,0.1232
0.999488,0.000185781,0.000315318,0.999474,5.28586,0.155363
0.999977,0.000501717,0.00030582,0.999737,7.32322,0.21912
1.0005,0.000683002,0.000227907,1.00027,9.25315,0.0930074
1.00075,0.000854711,0.000158153,1.00047,10.1368,-0.0774589
1.00083,0.000884532,0.000230263,1.00049,11.7058,-0.0232425
1.00088,0.000966026,0.000167073,1.00049,13.1717,0.0181261
1.0009,0.00108785,0.00014392,1.00056,14.0619,0.18252
1.00101,0.00152589,4.283e-06,1.00049,15.2132,0.0555509
1.00114,0.00192254,-0.000443433,1.0007,15.8984,0.0381003
1.0014,0.00189102,-0.000521482,1.00109,16.7944,-0.118419
1.00161,0.00228507,-0.000884136,1.00139,17.4834,1.46423
1.00179,0.00219463,-0.000440287,1.00166,17.6371,2.71807
1.00212,0.000951549,0.000572699,1.0021,18.7313,4.59241
1.00217,0.00137378,6.04769e-05,1.00233,16.8609,6.28282
1.00213,0.00125979,0.000267401,1.00249,16.1125,7.99274
1.00209,0.000529059,0.000761966,1.00232,16.9097,9.42979
1.0018,0.000792813,0.000215534,1.00233,13.5506,10.0924
1.0016,0.000438505,0.000176069,1.00219,10.2228,10.8894
1.00137,0.000403246,0.000269595,1.00205,7.74725,11.6282
1.00117,0.000201578,0.000139034,1.00199,5.01271,12.0836
1.00124,-2.09068e-05,1.64372e-05,1.00223,2.0867,12.7553
1.00133,-0.000203911,-4.80273e-07,1.00234,-0.188861,13.1002
1.00135,-0.000186294,2.7685e-05,1.00225,-1.94914,13.3467
1.00119,-0.000188992,2.24679e-05,1.00253,-3.89337,13.8636
1.001,-0.000434154,-4.11783e-05,1.00221,-5.27646,14.3085
1.00084,-0.000394877,-0.000154844,1.00198,-6.6335,14.3584
1.00062,-0.00104948,0.000189489,1.00194,-10.0492,14.455
1.00052,-0.000916223,0.000355087,1.00218,-11.2235,15.0469
1.00038,-0.000229282,4.93416e-05,1.00223,-10.026,16.2519
1.00056,-0.000579762,0.000282631,1.00211,-8.54276,16.8714
1.00067,-0.000671131,0.000631691,1.0024,-7.39974,17.2764
1.0009,-0.000510968,0.000776076,1.00255,-4.31416,17.5915
1.00083,-0.000546772,0.000791269,1.00231,-2.49539,17.5544
1.00091,-0.000238923,0.000763282,1.00245,-0.646535,17.7137
1.00087,-3.13261e-05,0.000740475,1.00241,1.00172,17.3061
1.00088,0.000198996,0.000575588,1.00221,2.38424,17.7164
1.0007,0.000130023,0.00091049,1.00192,4.55407,17.0024
1.00072,-1.52198e-05,0.00084504,1.00177,6.704,15.5492
1.00087,0.000770514,0.000694579,1.00166,8.36465,14.2561
1.00095,0.000605509,0.000645517,1.00165,9.64402,12.7578
1.00134,0.00086915,0.000570692,1.00192,11.1175,11.5383
1.00169,0.000863232,0.000581881,1.0022,12.0076,10.2435
1.00195,0.0010447,0.000499556,1.00214,13.276,9.13611
1.00208,0.00123621,0.000265575,1.00233,14.228,8.18091
1.00214,0.00085363,0.000666335,1.0025,15.2558,8.36456
1.00209,0.00235147,-0.000891571,1.00254,14.734,9.71636
1.00224,0.00233136,-0.000946308,1.00291,14.2395,10.751
1.00233,0.00230908,-0.000699711,1.00297,13.6599,12.0961
1.00235,0.00116362,0.000258744,1.00312,13.9487,13.2607
1.00226,0.000848041,0.000270306,1.00313,12.8011,14.2868
1.00214,0.000987201,0.000351458,1.00314,10.8919,15.3971
1.00227,0.00110264,0.000337933,1.00328,12.2895,16.1843
1.00214,0.000391247,0.000338551,1.00323,11.199,16.7665
1.00216,0.000170639,0.000387681,1.00308,8.45273,16.6793
1.00202,9.68387e-06,0.000247211,1.00313,5.78458,16.9146
1.00119,-0.000997388,0.0006861,1.00241,-0.988421,16.5833
1.00091,-0.000270454,0.000806023,1.00175,-1.20502,13.1722
1.0006,-0.000336022,0.000693665,1.00148,-0.940046,10.1809
0.999981,7.04768e-05,7.96795e-05,1.00024,-0.237328,7.89184
0.999587,5.26661e-05,0.00016225,1.00013,-0.474595,5.67425
0.99961,0.00039172,-0.00034528,0.999661,-0.295687,3.61445
0.999648,0.00045197,-0.000340835,0.999801,-0.985946,2.11775
0.999703,0.00029823,-0.000409421,0.999723,-0.927337,1.51565
0.9996,0.000440673,-0.000418858,0.99975,-1.01207,1.31738
0.999639,0.000386717,-0.000442309,0.999645,-1.11127,1.08755
0.999767,0.000287846,-0.000308533,0.999838,-1.04828,0.897753
0.999839,0.000290666,-0.000284948,0.999886,-1.09536,0.716964
1.00008,0.000373937,-0.000446539,1.0001,-0.970331,0.692391
1.00054,0.000383386,-0.000321051,1.00045,-0.759918,0.295559
1.00082,0.000533388,-0.000429544,1.00081,-0.796774,0.202271
1.00095,0.000323426,-0.000401164,1.00094,-0.793256,0.0798034
1.00111,0.000392558,-0.000363061,1.00119,-0.705527,0.17375
1.00112,0.000279142,-0.000204393,1.00106,-0.660277,0.231575
1.00112,0.000349442,-0.000289556,1.00119,-0.216157,0.160764
1.00115,0.000355526,-0.000326746,1.0011,-0.108415,-0.00146143
1.0011,0.000256679,-0.000256849,1.00112,-0.0429367,0.0778086
1.00095,0.000273282,-0.000169796,1.0008,-0.114697,0.0864554
1.00086,0.000163047,-0.000172212,1.00083,-0.0652228,-0.0149627
1.00078,0.000223296,-0.000127437,1.00065,-0.0328937,0.0312058
1.00066,0.000192664,-0.000309197,1.00067,-0.111822,-0.206007
1.00054,0.000392019,-0.000268723,1.0005,-0.339211,-0.103352
1.00027,0.000190319,-0.000156002,1.0003,-0.0504841,-0.0895748
1.00021,0.000228057,-0.000230362,1.00021,0.0903894,-0.0823267
1.00005,0.000258783,-0.000211901,1.00009,0.0897876,-0.0413606
0.999919,0.000164324,-0.000240447,0.999919,-0.0113313,0.0800551
0.999902,8.545e-05,-0.000126999,0.999895,0.0194522,0.0376474
0.999867,0.000155253,-0.000136021,0.999885,0.0767885,0.0388359
0.999908,0.00012456,-0.000116195,0.9999,0.0746246,0.0764212
0.99986,0.000313519,-0.0001166,0.999906,0.355682,0.0732433
0.999887,0.000260733,-9.78985e-05,0.999918,0.638184,0.0254312
1.00003,0.000740128,-0.000747555,1.00026,1.09535,0.966973
1.00001,0.000479238,-0.000461695,1.00039,1.13356,3.22247
1.00004,0.000764445,-0.000618458,1.0006,0.939841,5.03597
1.00001,0.000668042,-0.000532244,1.0007,0.725815,6.84467
0.99958,-0.000291523,0.000349535,1.00018,0.05953,8.32867
0.999211,-0.00054503,0.000731198,0.999388,-0.7196,5.82973
0.999178,-0.000260638,0.000292884,0.999292,-0.436035,3.11136
0.998908,0.000137212,-2.54222e-05,0.998815,-0.164726,1.73895
0.998549,0.000215835,-0.000202118,0.998692,0.156867,0.905592
0.998395,5.59658e-05,-2.36483e-05,0.998467,-0.440827,0.600822
0.998343,0.000169583,0.00025353,0.998199,2.85187,-0.247416
0.998555,0.000187622,0.000300736,0.998182,4.49965,-1.62072
0.999019,0.00036022,0.000127291,0.998492,5.88224,-2.55884
0.999561,0.00051013,8.39998e-06,0.999014,7.23054,-3.9728
0.999859,0.000514991,-3.19919e-06,0.99912,8.1549,-5.28495
1.00001,0.000733764,-0.000117701,0.999241,9.22998,-5.99157
1.00011,0.000924729,-7.42751e-05,0.999251,10.6014,-6.94426
1.00034,0.000985971,-0.000250202,0.99941,11.6253,-7.5673
1.00048,0.00129997,-0.000156553,0.999607,13.4523,-7.10513
1.00068,0.00121961,-0.000200474,0.999917,14.5772,-6.65326
1.00095,0.0012475,-0.000155751,1.00006,15.8415,-6.14734
1.00131,0.00157004,-0.000240187,1.00063,16.4782,-5.23929
1.0014,0.00169703,-0.000512692,1.00074,17.1223,-4.79752
1.00142,0.00195676,-0.000399154,1.0006,17.7292,-4.28754
1.00156,0.001716,-0.000354906,1.00086,18.4359,-3.91081
1.00161,0.00174759,-0.000361995,1.00091,18.7867,-3.57507
1.00158,0.00192105,-0.000288524,1.00092,19.5067,-3.08533
1.0015,0.0019965,-0.000407041,1.00087,19.8468,-2.80272
1.00145,0.00205234,-0.00038032,1.00064,20.5042,-2.75949
1.00131,0.00202202,-0.000307016,1.00067,21.0399,-2.13492
1.00127,0.00208588,-0.00027041,1.00062,21.1869,-1.90309
1.00128,0.00200779,-0.000404949,1.00064,21.4712,-1.47103
1.00132,0.00198229,-0.000160714,1.00077,21.6176,-1.05956
1.00144,0.00213497,-0.000192366,1.00071,21.8727,-1.22439
1.00146,0.00188493,-0.000277127,1.00093,21.9165,-1.32449
1.00138,0.00212823,-0.000235328,1.00066,22.4265,-0.99484
1.00122,0.00205743,-0.000277724,1.00072,22.6595,-0.754548
1.00118,0.00215906,-0.000277535,1.00055,22.9604,-0.663337
1.00103,0.00207794,-0.000117593,1.00051,22.8685,-0.359756
1.00101,0.00203626,-0.000211749,1.00038,23.0998,-0.272886
1.00103,0.00217503,-0.000163264,1.00049,23.3477,-0.199338
1.001,0.00188837,-8.53759e-05,1.00046,23.3295,-0.189961
1.00103,0.00229233,-0.000136529,1.00031,23.563,-0.13829
1.00118,0.00191909,0.000246875,1.00049,27.3525,0.0965038
1.00106,0.00142211,0.000387258,1.00064,24.1428,1.23029
1.0009,0.00145005,-0.000223366,1.00044,20.2951,1.73313
1.00065,0.00141982,-0.000231882,1.00029,17.1943,1.8956
1.00033,0.00109443,-0.000243826,1.00001,13.5672,2.25253
0.999937,0.000869379,-0.000113428,0.99981,10.6482,2.06926
0.999612,0.000466783,-0.000247814,0.999384,7.2405,1.72656
0.99928,-0.000242522,0.000116442,0.999279,2.30306,0.821482
0.998858,-0.00011433,1.55594e-05,0.999053,-0.577614,0.333384
0.998649,2.83452e-05,-0.000216093,0.998749,-1.17749,0.158445
0.998496,4.70124e-05,-0.0001079,0.9985,-1.49571,0.137612
0.998381,-0.000243015,6.74854e-05,0.998546,-1.65234,-0.00466099
0.998443,-5.54217e-05,8.99746e-05,0.99851,-1.79284,-0.192641
0.998747,-0.000183853,0.000108393,0.99867,-1.66445,-0.335737
0.999264,6.37238e-06,-1.40714e-05,0.999487,-1.51027,-0.156804
0.999675,-0.000142551,-1.40029e-05,0.999781,-1.27607,0.0130833
1.00009,-2.42726e-05,-3.76912e-06,1.00002,-1.17681,0.0250592
1.00022,1.05549e-05,-2.52326e-05,1.00024,-1.04203,0.0632428
1.00025,-1.74108e-05,7.34769e-07,1.00021,-0.788413,0.0476913
1.00028,7.75825e-05,2.52983e-06,1.00018,-0.613568,0.0635976
1.00024,-3.79277e-05,-2.50528e-06,1.00017,-0.496217,0.00284517
1.00027,2.896e-05,-2.73633e-05,1.00023,-0.340928,-0.0627144
1.00038,8.34384e-05,-4.94988e-05,1.00021,-0.602765,0.0337309
1.00037,4.51285e-05,-6.94187e-06,1.00024,-0.462476,-0.00308557
1.00044,-8.76522e-05,2.8532e-05,1.00037,-0.429654,-0.0287598
1.00044,1.33809e-05,-2.22403e-06,1.00037,-0.297065,0.0416889
1.00053,3.13696e-06,-3.71307e-05,1.00042,-0.430377,0.0528809
1.00053,3.67073e-06,-2.23727e-05,1.0004,-0.369817,0.0159031
1.00045,0.000140797,-6.30654e-05,1.00048,-0.345005,0.148505
1.00031,7.0075e-06,-2.30586e-06,1.00024,-0.277805,0.0244119
1.00017,0.000105566,-0.000181035,1.00032,-0.140716,-0.264376
1.00008,0.000181563,-9.42072e-05,1.00007,-0.243875,0.0364219
1.0,-8.35138e-05,-9.00107e-05,0.999997,-1.13061,0.0598639
1.0004,0.000271173,0.000186202,1.0003,1.38648,-0.178341
1.00053,0.000267733,0.000278473,1.00031,4.50037,-0.222023
1.00068,0.000301109,0.000309686,1.00054,6.33919,-0.512791
1.00111,0.00042502,0.000277073,1.00096,7.7253,-0.639223
1.00109,0.000631981,0.000237947,1.001,9.41217,-0.359858
1.00102,0.000670436,0.000274123,1.00073,10.7881,0.0635748
1.00113,0.00108893,0.000223765,1.00095,12.3641,0.156547
1.00134,0.00103,0.000176401,1.00101,13.5474,0.138881
1.00133,0.000992344,9.79744e-05,1.0012,14.2549,0.401419
1.00127,0.00117229,0.000276866,1.00113,15.2989,0.729114
1.00119,0.00143154,0.000106856,1.00104,16.4234,0.71769
1.00134,0.00143989,0.000209495,1.00082,19.5903,0.948398
1.00119,0.00104139,0.000135143,1.00089,16.1797,1.30766
1.00102,0.0013973,-0.000587339,1.00111,13.6147,2.78427
1.00089,0.00146721,-0.000453418,1.00114,11.802,4.5998
1.00089,0.00116596,-0.000439714,1.00124,10.1536,5.74954
1.0006,0.000379453,-6.12166e-05,1.00131,6.04823,7.14854
1.00048,0.00177711,-0.00116769,1.00136,5.1414,8.58592
1.00037,0.0015142,-0.00088871,1.00128,5.58338,9.9529
1.00002,0.00162079,-0.000932298,1.00097,5.74832,11.3072
0.999596,0.00114263,-0.000347889,1.00049,6.83382,12.8976
0.999552,0.000283972,0.000224157,1.00025,4.51605,10.9963
0.99937,0.000297329,0.000380432,0.999873,4.48944,8.46887
0.999226,0.000950463,-0.000132077,0.999595,6.81412,7.02945
0.999281,0.000912137,0.000138041,0.999393,8.22518,5.47641
0.999663,0.000513743,0.00023467,0.999499,9.28291,3.46591
1.00015,0.000917261,0.000187923,1.00005,9.93759,1.54985
1.00067,0.000774348,0.000134928,1.00032,10.803,-0.0642709
1.00107,0.000763692,0.000178176,1.00062,11.7321,-1.70585
1.00126,0.000849442,0.000207491,1.00074,12.2295,-2.91499
1.00124,0.000776666,0.000250121,1.0005,13.0283,-4.34507
1.00116,0.000981246,0.000168881,1.00045,13.6471,-5.42724
1.00102,0.001039,0.000138153,1.00016,13.9883,-6.41573
1.00087,0.00120446,4.99405e-06,0.999972,14.6544,-7.00092
1.0008,0.00118604,-4.27304e-05,0.999759,15.3717,-7.76424
1.00084,0.00116693,-7.7109e-05,0.999736,15.9712,-8.60312
1.00084,0.00149058,-0.000178369,0.999733,16.7529,-9.09031
1.00081,0.00128679,-0.000207069,0.999767,17.3638,-9.04803
1.00091,0.00174688,-0.000303343,0.99971,18.2738,-9.23282
1.00093,0.00185835,-0.000464556,0.999851,19.0663,-8.73284
1.00093,0.00201527,-0.000458942,1.00001,19.4381,-7.91994
1.00101,0.00203384,-0.000426756,0.999951,20.148,-7.41646
1.00106,0.00184026,-0.000320135,1.00023,20.429,-6.23775
1.00109,0.00181239,-0.00024428,1.00018,20.7254,-5.81863
1.00113,0.00188954,-7.39811e-05,1.00033,21.1938,-5.15
1.001,0.00166566,-0.000108066,1.00025,21.5639,-4.4504
1.00085,0.00194277,-9.52981e-05,1.00003,21.8214,-4.29293
1.00071,0.00190221,-0.000218278,0.999933,22.1882,-3.8442
1.00064,0.00194079,-4.80669e-05,1.00006,22.37,-3.11955
1.00059,0.0019872,-8.87327e-05,0.999923,22.832,-2.7525
1.00053,0.00194873,3.69843e-05,0.999805,22.6298,-2.35201
1.00062,0.0018948,-9.57919e-05,0.999963,22.9375,-1.94121
1.00062,0.00176745,7.29701e-05,1.00008,23.0903,-1.50416
1.00069,0.0019381,0.000109061,1.00014,23.0219,-1.40103
1.00076,0.00192504,4.50182e-05,1.00026,23.1357,-1.13745
1.00084,0.0019887,5.60377e-05,1.00017,23.3979,-0.974434
1.00084,0.00182346,7.35588e-05,1.00029,23.3339,-0.903814
1.00087,0.00209061,3.76988e-05,1.0004,23.3848,-0.787678
1.00089,0.00184245,5.07391e-06,1.00039,23.591,-0.661326
1.00089,0.00206018,2.12128e-05,1.00049,23.6512,-0.47173
1.00086,0.00210765,5.14126e-07,1.0003,23.5479,-0.165911
1.00092,0.00201428,6.77431e-05,1.00034,23.8861,-0.0276405
1.00092,0.001918,0.000163115,1.00036,23.671,0.0958717
1.00089,0.00187914,0.00017051,1.00017,23.7785,-0.831102
1.00083,0.00197324,9.41358e-05,1.00024,23.794,-0.910864
1.00067,0.0016945,0.000225972,0.999654,23.301,-2.24531
1.00055,0.00134802,0.000354539,0.999745,22.2891,-3.86284
1.00034,0.00160773,8.96369e-05,0.999138,21.2877,-5.5486
1.00016,0.00131612,0.000135367,0.999069,20.0386,-7.12626
1.00005,0.00146159,3.44903e-05,0.998727,19.1528,-8.51265
0.999826,0.00108597,6.14269e-05,0.998541,17.9724,-10.0599
0.999876,0.00121025,-3.21669e-05,0.998344,16.5059,-11.4716
1.00004,0.00154867,-0.000141006,0.998719,17.8361,-11.991
0.999974,0.00201025,-0.000576414,0.998776,18.8677,-10.6123
1.00003,0.00180018,-0.000536496,0.998846,19.4425,-9.53465
1.00028,0.00171638,-0.00033313,0.99919,19.9363,-8.93613
1.00075,0.00238432,-0.000188563,0.999669,22.4828,-8.12964
1.00126,0.000735891,0.000105416,1.00015,24.1226,-6.3493
1.00087,0.00124355,-0.000183247,1.00019,19.6212,-3.73461
1.00086,0.000907834,-0.000263785,1.00033,15.4632,-2.36848
1.00079,0.000845661,-0.000337028,1.00036,12.7349,-1.44089
1.00046,0.000502491,-0.000275621,1.00024,9.62911,-0.496642
0.999771,-0.000420636,5.96663e-05,0.999739,4.064,0.0552324
0.99936,-2.16176e-05,4.0803e-07,0.999514,0.302302,0.0946235
0.998829,0.000289525,-0.000268229,0.998883,-0.581622,0.151851
0.998227,3.73298e-05,-5.91276e-05,0.998384,-1.26724,0.346727
0.998008,0.000231145,-0.000145055,0.998035,-1.16434,0.362933
0.998186,0.000107717,-0.000184522,0.998247,-0.967901,0.545701
0.998372,9.71671e-05,-0.000117568,0.998462,-1.0512,0.552734
0.998576,8.08156e-05,-6.60703e-05,0.998626,-1.03251,0.515694
0.999002,0.00011707,-9.46678e-05,0.99898,-1.1465,0.45498
0.999448,0.000156704,-8.71464e-05,0.999438,-1.27788,0.401159
0.999782,-3.61088e-05,-0.000101058,0.999796,-1.24946,0.568327
1.00005,0.000135419,2.06998e-06,1.00006,-1.02121,0.24345
1.00013,-0.000134584,3.36888e-05,1.00012,-1.36156,0.119875
1.00045,0.000286473,0.000218062,1.00028,0.543427,-0.0467897
1.00056,0.000208649,0.000335266,1.00042,4.47265,-0.28675
1.0007,0.000215945,0.000299879,1.00053,5.98161,-0.132158
1.00108,0.000518896,0.000386645,1.00101,7.81606,-0.180291
1.0012,0.000484304,0.00041341,1.00109,9.11606,-0.116916
1.00136,0.000842415,0.000270835,1.00105,13.1443,-0.00441986
1.00119,0.000672256,1.89593e-06,1.00096,11.1384,0.821313
1.00081,0.000124135,2.05401e-05,1.0008,5.40859,0.6356
1.00059,0.000754596,-6.54055e-05,1.00068,5.49084,0.568238
1.00021,0.00103679,-0.000158953,1.00018,6.65197,0.106344
1.00029,0.000912875,0.000126197,1.00016,10.1819,0.343062
1.00047,0.000504901,-7.28255e-05,1.00028,9.71608,0.891881
1.00058,0.000818192,-0.000360573,1.00056,7.21204,1.12671
1.00048,0.000614862,-0.000442067,1.00043,5.10448,0.967906
0.999992,0.000358112,-0.000308842,0.999983,2.5621,1.02135
0.999696,0.000218652,-0.000454588,0.999677,0.155265,0.77056
0.999249,0.000578529,-0.000467567,0.99935,-0.598098,0.643554
0.999158,0.000670787,-0.000447594,0.999214,-0.780663,0.496895
0.999158,0.000296862,-0.000468701,0.999234,-0.721639,0.425202
0.999181,0.000464114,-0.000396903,0.999172,-0.685677,0.406179
0.999211,0.000398734,-0.000438819,0.999187,-1.01012,0.661046
0.999509,0.000377605,-0.000394102,0.999499,-0.991842,0.529851
0.999902,0.000261459,-0.000330068,0.999909,-0.988411,0.503107
1.00014,0.000294916,-0.000215637,1.00014,-0.810565,0.226347
1.00015,0.00020499,-0.000274468,1.00021,-0.968371,0.175742
1.00013,0.000251911,-0.000166499,1.00015,-0.850395,0.101271
1.00019,0.000316364,-0.000159527,1.00019,-0.743287,0.125987
1.00028,0.000145726,-9.57462e-05,1.00015,-0.388395,0.118092
1.00022,0.00028299,-0.000165683,1.00022,-0.719901,0.116301
1.00033,0.000110497,-0.000112958,1.00029,-0.853244,0.111197
1.00043,2.81075e-05,-0.00012877,1.00048,-0.672878,0.257458
1.00041,0.000185853,-6.88391e-05,1.00023,-0.648605,0.100891
1.00054,0.00011187,-0.000128447,1.00048,-0.592982,-0.138585
1.0004,5.62564e-05,-2.27058e-05,1.00032,-0.779108,-0.0676592
1.00046,0.00021539,-0.00011316,1.00041,-0.542946,-0.02467
1.00043,4.74888e-05,-5.67736e-05,1.00036,-0.79907,0.0017416
1.0005,0.000127319,-9.53087e-05,1.00042,-0.530975,0.12517
1.00054,-2.14733e-05,-5.61516e-05,1.00045,-0.638201,0.0653076
1.00052,4.9857e-05,-9.77226e-06,1.00051,-0.549354,0.102239
1.0004,-0.000186139,5.4388e-05,1.00041,-0.478866,-0.0640226
1.00048,2.39679e-05,8.86562e-06,1.00042,-0.524811,-0.167568
1.00059,4.88926e-05,-2.78715e-07,1.0003,-0.569141,-0.00254284
1.00052,1.3016e-05,1.86875e-06,1.00055,-0.582178,-0.156925
1.00056,9.86119e-06,-2.5587e-05,1.0006,-0.317507,-0.227436
1.00048,-4.06673e-05,-3.26719e-05,1.00051,-0.266192,-0.205196
1.00035,0.000102062,-4.51303e-05,1.00036,-0.24538,-0.174202
1.00024,-0.000105358,-6.94874e-05,1.00015,-0.317056,-0.125527
1.00032,1.8886e-05,-8.93561e-06,1.00025,-0.635499,-0.147094
1.00028,1.16742e-06,4.81601e-05,1.00031,-0.582768,-0.170305
1.00029,-0.000170241,0.000103883,1.00028,-0.207512,-0.153203
1.00026,3.95111e-06,-2.73106e-05,1.00024,-0.191026,-0.127175
1.0002,-3.65644e-05,6.22914e-06,1.00015,-0.257741,-0.0313271
1.00004,-7.1873e-06,-9.73364e-06,1.00006,-0.122182,-0.0580239
0.999986,1.99101e-05,-3.73219e-05,1.00001,-0.0624713,-0.0445291
0.999989,6.52394e-05,-3.27113e-05,1.0,-0.016309,-0.00535625
0.99997,4.97477e-05,-7.09707e-05,0.99998,0.0311749,0.0582168
0.999953,2.98604e-05,-4.42812e-05,0.999946,0.0274296,-0.0162911
0.999889,9.77983e-05,-8.28892e-05,0.999901,0.00742677,-0.0483265
0.9998,0.000158892,-0.000151003,0.999805,0.153055,-0.0402306
0.999544,0.000144101,-0.000162643,0.999663,0.150399,0.0192662
0.99915,0.000276368,-0.000201963,0.999246,0.305829,0.173869
0.999169,-8.28978e-05,5.3271e-05,0.999146,1.30756,0.234774
0.999458,0.000260413,-0.000319397,0.9992,0.0097948,-0.183134
0.999374,0.000612067,-0.000863945,0.999254,-0.612865,-1.06641
0.999325,-4.73152e-05,-0.000264196,0.999038,-1.72477,-1.5208
0.999313,3.5105e-05,-0.000251033,0.999083,-2.30875,-2.15249
0.999483,-0.000224656,-0.000224391,0.999197,-2.8,-2.47635
0.999659,2.29727e-05,-0.00025282,0.999347,-3.0983,-3.12682
0.999623,-0.000100824,-0.000354061,0.999501,-3.59137,-3.34297
0.999616,-0.000216907,-0.000272292,0.999263,-4.1099,-3.72294
0.999651,0.000191552,-0.000462979,0.999306,-3.84817,-3.98821
0.99961,7.52999e-05,-0.000478647,0.999306,-4.3926,-4.09663
0.999605,-9.45354e-05,-0.000438766,0.999248,-4.39202,-4.81893
0.999639,-6.05223e-05,-0.000438272,0.999256,-4.73564,-5.07438
0.999641,-1.57026e-05,-0.000523247,0.999194,-4.95774,-5.00057
0.999585,-0.000166065,-0.000460401,0.999352,-5.31971,-4.90951
0.999545,0.000137047,-0.00078155,0.999156,-5.25382,-4.93868
0.999428,0.000338447,-0.000876971,0.999232,-5.1164,-4.67133
0.999317,-0.000338033,-0.000494079,0.999013,-5.36299,-3.80112
0.999383,-0.000567486,-0.000156705,0.999231,-6.45192,-2.94127
0.99967,-0.000660759,-0.000307629,0.999489,-7.27922,-1.988
0.999642,-0.000901684,-0.0003736,0.999283,-9.08429,-1.5534
0.99951,-0.000628869,-0.000388599,0.999433,-10.6668,-0.573084
0.999423,-0.000924088,-0.000400446,0.999543,-12.0922,0.309877
0.999549,-0.00162818,-0.000422645,0.999438,-14.5133,1.23866
1.00035,-0.000288539,2.86471e-05,1.00054,-18.4959,0.334513
1.00048,-0.000762437,0.000179334,1.00042,-8.3694,-0.0811504
0.99984,-0.000734628,0.000286599,0.999852,-4.4423,-0.104388
0.999762,-0.000228911,0.000209096,0.99972,-1.06217,0.100787
0.999738,-5.51277e-05,0.000128816,0.99974,-1.91227,0.208215
0.999719,0.000154137,0.000125617,0.999704,1.34968,0.711152
0.99961,-0.000222229,-0.000151326,0.999526,0.647339,0.848414
0.999605,-0.000166462,-0.000320253,0.999632,-1.58729,0.604101
0.999852,-0.00025088,-0.000357377,0.99982,-3.40256,0.637329
0.999697,-0.000538675,-0.000304874,0.999668,-5.46201,0.618201
0.999405,-0.000707014,-0.000260458,0.999428,-7.44407,0.847246
0.999471,-0.000702126,-0.000298893,0.999377,-9.15525,0.817004
0.999671,-0.00136965,0.000127877,0.999366,-13.4459,0.380712
0.999961,-0.00120251,0.000277101,0.999832,-14.5929,-1.45346
0.999976,-0.0012716,0.000239079,0.999543,-14.7494,-2.92955
1.00005,-0.00120759,0.000206017,0.999682,-14.9204,-4.16362
1.00005,-0.00225037,0.000827732,0.999529,-16.1071,-5.78764
1.00103,-8.58455e-05,0.000212854,1.00084,-13.8364,-5.99455
1.00078,-0.000598161,0.000325691,1.00041,-5.11873,-4.01119
0.999846,-0.000480337,0.00022457,0.999813,-3.18601,-2.61129
0.999624,-0.000449169,0.000234179,0.999624,-2.8154,-1.31581
0.999908,-0.00026763,0.000298044,0.99999,-2.67632,-1.07734
0.999914,-0.000677829,0.000566913,0.999989,-2.36905,-0.940992
0.999803,-0.000658012,0.000631784,1.00004,-1.99571,-0.375464
0.999645,-0.000461001,0.000468188,0.999728,-1.76521,-0.174685
0.999618,-0.000447269,0.000399896,0.999638,-1.85743,0.126621
0.999759,-0.000338938,0.000393422,0.999825,-1.88431,0.268485
1.00002,-0.000350647,0.000316794,1.00003,-1.85637,0.13305
1.00013,-0.00044468,0.000307217,1.00024,-1.72419,-0.0839934
0.99998,-0.000502577,0.000291019,1.00006,-1.75677,-0.0849717
0.99996,-0.000241806,0.000327826,0.999949,-1.62449,0.0888213
0.999986,-0.000272081,0.000161902,1.00003,-1.51867,0.047487
0.999996,-0.000543876,0.0002824,1.00001,-1.5567,0.104931
1.00004,-0.000421225,0.000363842,1.00013,-1.40599,-0.129832
1.00002,-0.000285705,0.000180765,1.00004,-1.31169,-0.182891
1.00008,-0.000340411,0.000183586,1.00012,-1.46061,-0.172897
1.00013,-0.000103684,0.000264502,1.00019,-1.09478,-0.220977
1.00012,-0.00037389,0.000272276,1.00012,-1.06621,-0.202748
1.00003,-0.000142277,0.000120642,1.00011,-1.09604,-0.268677
1.00011,-0.000161052,0.000186774,1.00018,-1.02061,-0.196916
1.00021,-0.000170001,0.000136402,1.00021,-0.675718,-0.179004
1.00011,0.000132894,6.4452e-05,0.999956,1.59949,-0.123349
0.999928,-8.0711e-05,-0.000106695,0.999614,0.945457,-1.2412
1.00002,-0.000118713,-0.000310388,0.999606,-0.545526,-2.53398
0.99985,-8.15447e-05,-0.000345207,0.999394,-1.83251,-3.68593
0.999544,-0.000169201,-0.00026961,0.999096,-2.98708,-4.43305
0.999445,-3.16081e-05,-0.000525913,0.998935,-4.0145,-5.28176
0.999688,0.000118902,-0.00071548,0.999063,-4.14598,-6.20561
0.999817,-0.000240239,-0.000473508,0.999181,-5.01937,-5.95952
0.999838,-0.000733324,-0.000445947,0.999432,-6.30378,-5.56369
0.9999,-0.000725634,-0.000261319,0.99946,-7.60585,-5.1679
0.999974,-0.000442639,-0.000403065,0.999609,-9.04431,-4.79301
1.00014,-0.000677358,-0.000517181,0.999712,-10.5319,-4.23484
1.00048,-0.00119143,-0.000171699,1.00017,-16.876,-4.16194
1.00153,0.000156895,-5.43588e-05,1.00138,-7.94243,-3.16772
1.00078,-0.000710243,0.000281912,1.00057,-4.21118,-2.35456
1.00038,-0.000577114,0.000209574,1.00029,-3.75646,-1.96841
1.0004,-0.000349042,0.00028483,1.00059,-4.0962,-1.27829
1.00036,-0.000696251,0.000492281,1.00056,-3.72617,-0.781545
1.00013,-0.000585129,0.000495425,1.00021,-3.2504,-0.682912
0.999783,-0.000391025,0.000390528,0.999932,-2.3485,-0.463068
0.999265,-0.000378279,0.000292163,0.999346,-2.0829,-0.418715
0.998972,-0.000390104,0.000286324,0.999251,-2.03275,-0.0531967
0.999045,-0.000378251,0.000321039,0.999089,-1.95242,-0.0560255
0.999119,-0.00018813,0.000206212,0.999346,-1.84561,0.241556
0.999357,-0.00037156,0.000214997,0.999458,-1.80441,0.100002
0.999398,-0.000268209,0.000218698,0.999528,-1.50911,-0.0610886
0.999469,-0.000303954,0.000157172,0.999579,-1.28368,-0.0519454
0.999535,-0.000197942,0.000191874,0.999616,-1.20286,0.157044
0.999653,-0.000230461,9.38934e-05,0.999776,-1.35898,0.112815
0.999831,-0.000143237,8.30576e-05,0.999849,-1.19108,0.0825038
0.999981,-5.83078e-05,0.000120039,0.999954,-0.998489,0.0812895
1.00005,-0.000130635,0.000115581,1.00002,-0.891925,0.0849041
1.00012,-9.7731e-05,9.85711e-05,1.00011,-0.721506,-0.0229681
1.00013,-0.000192818,0.000107017,1.00014,-0.753324,-0.121567
1.00014,-3.00166e-05,7.83356e-05,1.00014,-0.770083,-0.063604
1.0002,-0.000154038,7.57352e-05,1.0002,-0.286762,-0.149008
1.00021,9.71791e-05,1.59336e-05,1.00013,-0.434988,-0.0632804
1.00023,-0.000144544,-3.39574e-06,1.00025,-0.549047,-0.121718
1.00019,-8.27499e-05,6.59881e-05,1.00019,-0.315555,-0.202645
1.00016,6.77832e-05,-2.62714e-06,1.00012,-0.20462,-0.0673871
1.00014,-0.000260043,2.57663e-05,1.00008,-0.247749,-0.0583839
1.00035,0.000313049,-0.000207926,1.00051,-0.662232,0.230456
1.00036,0.000254146,-4.76277e-05,1.0009,0.0343311,2.52921
1.00044,0.000305719,-6.88917e-06,1.00094,0.846633,4.25051
1.00042,0.000282935,5.94472e-05,1.00093,1.93882,5.76715
1.00065,0.000560048,0.0001215,1.00125,3.79164,7.3314
1.00058,0.000263862,-0.000100535,1.00084,4.07291,5.95656
1.00011,0.000776891,-0.000727421,1.00005,3.22877,3.80168
0.99958,0.000714185,-0.000685003,0.999538,2.10724,2.25386
0.998954,0.000595751,-0.000594977,0.998958,1.08596,1.45672
0.998595,0.000408616,-0.000429582,0.998647,0.362697,0.966302
0.998437,0.000217716,-0.000283445,0.998487,-0.276633,0.736844
0.998435,0.000109428,-0.000180501,0.998601,-0.630654,0.556686
0.99852,0.000397825,-0.00030055,0.998571,-0.683838,0.412319
0.998688,3.45136e-05,-0.000140813,0.998667,-1.31166,0.583414
0.999304,0.000111308,-9.05262e-05,0.9994,-0.789353,0.2237
0.999916,0.000100938,-0.000204339,0.999852,-0.976302,0.286769
1.00026,0.000326828,-0.000195037,1.0002,-0.90554,0.229982
1.00043,0.00027195,-0.000194078,1.00037,-0.519998,0.0985015
1.00042,0.000338927,-0.000159426,1.00037,-0.248964,0.0168736
1.00059,0.000420425,-0.000299576,1.00054,0.342309,-0.0518404
1.00062,0.000530433,-0.000356872,1.00052,0.641364,-0.104838
1.00065,0.000353194,-0.000323757,1.00054,0.622532,-0.187293
1.00078,0.000401578,-0.000318172,1.00071,0.664296,-0.0879313
1.00083,0.000231603,-0.00028306,1.00082,0.497093,-0.307831
1.00084,0.00022115,-0.000175918,1.00072,0.370465,-0.118062
1.00065,6.44563e-05,-0.000138688,1.00079,0.04309,-0.291569
1.00057,0.000300082,-0.000274594,1.00049,0.531745,-0.250032
1.00048,0.000120726,-0.000283421,1.00048,0.30177,-0.422422
1.00041,0.000324478,-0.000209873,1.00047,0.0468692,-0.229392
1.00066,-8.25268e-05,-0.000110716,1.0006,-0.358298,-0.343491
1.0006,-1.85176e-05,2.4921e-05,1.00059,-0.532811,-0.284994
1.00054,-0.000152889,6.85408e-05,1.00056,-0.582635,-0.19891
1.00041,-0.000118973,6.38527e-05,1.0005,-0.961681,-0.267779
1.00047,-0.000218219,0.000108184,1.00043,-0.764673,-0.213524
1.00044,-0.000110521,8.7042e-05,1.00029,-0.741662,-0.0980141
1.00029,-0.000169707,0.0001342,1.00041,-0.884684,-0.164536
1.00036,-4.36239e-05,2.85007e-05,1.00036,-0.745781,-0.260617
1.00034,-2.30125e-05,8.15396e-05,1.00046,-0.500276,-0.261497
1.00024,-0.000219377,5.79577e-05,1.0002,-0.460882,-0.186744
1.00013,3.93175e-05,-8.00568e-05,1.00015,-0.656158,-0.268724
1.00004,-0.00019183,0.000101711,1.00008,-0.643117,-0.195432
0.999978,-6.47153e-05,2.04793e-05,1.0,-0.498601,-0.0811224
0.999899,-5.15829e-05,4.88481e-06,0.999912,-0.462814,-0.17445
0.99994,0.000111031,-9.15077e-05,0.999956,-0.313343,-0.211563
0.999942,-2.60944e-05,3.88953e-05,0.999981,-0.274228,-0.167416
0.999914,-2.02521e-05,6.19966e-06,0.999946,-0.0392621,-0.085475
0.999729,-0.000137518,1.30788e-06,0.999895,-0.38725,-0.0026256
0.999824,-1.34972e-05,-1.21955e-05,0.999904,-0.52652,-0.0149298
0.999856,3.6063e-05,-3.07283e-05,0.999912,-0.688118,-0.00165368
0.999995,2.68361e-05,-1.53592e-05,0.999969,-0.522568,0.044698
0.999946,0.000122749,9.65872e-06,0.999972,-0.30362,0.0358401
0.999951,-9.89805e-05,-4.92748e-05,1.00002,-0.169099,0.0442555
0.999831,0.000392668,-0.000133384,0.999839,0.194385,0.187451
0.999766,-2.68888e-05,-0.000113995,0.999688,0.0654888,0.182401
0.999708,0.00039613,-0.000513799,0.9999,0.164174,0.750618
0.999952,0.000648825,-0.000308763,1.00028,0.61388,3.05401
1.00026,0.000856735,-0.000722751,1.00098,0.55985,4.92347
1.00039,0.000852168,-0.000565081,1.00098,0.591004,6.70552
1.00059,0.000523981,-0.000402322,1.00145,0.700749,8.46905
1.00087,0.000418866,-0.000271777,1.00175,0.357882,9.97353
1.00087,0.000136087,-6.25552e-05,1.00184,0.340842,11.2485
1.0007,0.000370065,-0.00017011,1.0018,0.728646,11.1517
1.00005,-0.000434388,0.000569926,1.00083,-0.628445,12.3731
0.999882,-0.000713515,0.000873287,1.00062,-0.29448,9.10785
0.999509,-0.00041331,0.000563396,0.999768,0.100477,6.57141
0.998879,1.94239e-05,6.39022e-05,0.998997,0.674024,4.51045
0.99862,-5.8039e-05,-3.35018e-05,0.998588,0.418893,2.70299
0.998519,0.000194872,9.50492e-06,0.998537,0.199691,1.60796
0.99858,0.00019668,-0.000261746,0.998615,0.555721,0.88915
0.998543,-6.19249e-05,2.84347e-05,0.998648,0.00508415,0.631058
0.998695,-0.00010215,1.93736e-05,0.998714,-0.193971,0.69708
0.998682,-0.000246526,0.000224075,0.998888,-0.62167,0.371538
0.999267,-0.00016319,0.000160022,0.99913,-0.605718,0.502683
0.999794,-1.39868e-05,0.000126646,0.999833,-0.445194,0.208143
1.0005,-9.25345e-06,1.78668e-06,1.00031,-0.48844,-0.0524946
1.00089,6.02616e-05,6.02432e-05,1.00079,-0.399264,-0.0611807
1.00118,1.59481e-06,-1.93574e-05,1.00119,-0.377499,-0.193073
1.00142,0.000102574,-1.47306e-05,1.00143,-0.512377,-0.240401
1.00152,9.01236e-05,-3.97043e-05,1.00145,-0.40488,-0.19884
1.0016,3.12712e-05,-2.41189e-06,1.00158,-0.306131,-0.388084
1.0016,-4.51545e-05,7.01387e-05,1.00156,-0.259269,-0.224879
1.0016,0.000165534,-7.56256e-05,1.00157,-0.124182,-0.34382
1.00157,0.000140663,-0.000193754,1.00163,-0.0691798,-0.315554
1.0015,4.50436e-05,-5.88203e-05,1.00136,-0.0778414,-0.170815
1.00133,0.000156859,1.26683e-06,1.00135,-0.190845,0.00821277
1.0011,-2.00558e-05,-1.22125e-05,1.00102,-0.292866,-0.000835287
1.00093,-5.77478e-05,3.41718e-07,1.00093,-0.052318,-0.179731
1.00076,9.60773e-05,-2.77987e-05,1.0006,0.0824291,-0.0864983
1.00061,0.000167905,-9.48485e-05,1.00054,0.101776,-0.0789045
1.00035,-9.67652e-07,-3.91305e-07,1.00042,0.143131,0.0761598
1.00023,5.94863e-05,-8.05245e-05,1.00018,-0.114129,0.0683527
1.00012,8.12128e-05,-4.46009e-05,1.00013,0.00532396,0.0699133
1.00006,-2.63614e-06,-2.854e-05,1.00012,-0.0164981,0.107368
1.00001,0.000138251,-0.000117611,0.999974,0.0728334,0.133697
0.999935,7.01896e-05,-0.000111291,0.999878,0.0503015,0.114568
0.999799,8.52811e-05,-0.000111048,0.999763,0.0891684,0.313095
0.999667,0.000162465,-0.000206912,0.999558,0.164656,0.447871
0.999584,0.000141393,-0.000124356,0.99947,0.0231052,0.448003
0.999512,4.65989e-05,-7.52066e-06,0.999634,0.0170303,0.132996
0.999695,4.05622e-05,-7.72903e-05,0.999569,0.0799025,0.226166
0.999771,0.000211237,-0.000206092,0.999754,0.253739,0.221057
0.999779,0.000194725,-9.27188e-05,0.99984,0.192888,0.0790533
0.999527,0.000223316,-0.000158266,0.999671,0.312045,0.00733464
0.999503,8.31699e-05,-0.000174321,0.999464,0.165928,-0.0983358
0.999589,4.80018e-05,-9.39159e-05,0.999679,0.0845472,0.00236914
0.999446,0.000311447,-0.000228112,0.999417,0.0298302,0.114249
0.999417,0.000145437,-0.000175168,0.999503,0.321648,0.101789
0.999534,0.000286739,-0.00023573,0.999574,0.255429,0.0594584
0.999626,0.000143905,-0.000235312,0.999564,0.130258,0.211858
0.999629,0.000166803,-0.000149883,0.999702,0.0603627,0.0368513
0.999792,0.000116466,-7.78883e-05,0.999778,0.0190707,-0.00631777
0.999795,1.94409e-05,-8.26521e-05,0.999855,0.102345,-0.0442192
0.999846,7.96654e-05,-8.13198e-05,0.999878,-0.0851062,0.0679879
0.999919,0.000122086,-7.01109e-05,0.999948,-0.498467,0.0174993
1.00004,-0.000188774,6.59242e-05,0.999945,-0.579345,-0.119569
1.00016,4.48025e-05,-0.000111696,1.00033,-0.136232,-0.561429
1.00031,9.26765e-05,-8.0196e-05,1.00028,-0.0242072,-0.65629
1.00026,8.16262e-05,-9.34016e-05,1.00036,-0.0816863,-0.351074
1.00019,5.23052e-05,-0.000137293,1.00011,0.0952346,-0.419938
1.00016,8.3083e-05,-0.000171172,1.0002,-0.218444,-0.434908
1.00006,5.19523e-05,-9.22597e-05,1.00014,-0.0347793,-0.367896
1.00016,0.000131525,-0.0001916,1.00019,0.0161282,-0.322983
1.00013,0.000127518,-0.000247836,1.00019,-0.0235746,-0.203909
1.00006,0.000212239,-0.000106557,1.00002,0.0930404,-0.0642575
0.99983,0.000111359,-0.000100675,0.999858,0.122921,0.0129987
0.999944,0.000287535,-6.40605e-05,0.999979,0.142656,0.119559
1.00007,8.45332e-05,-8.90142e-05,1.00003,0.18958,0.0441067
1.00004,0.000100699,-0.000124576,1.00003,0.160184,0.0606625
0.999831,-3.10825e-05,-5.71192e-05,0.99992,-0.0725893,-0.0214897
0.999759,4.9154e-05,-6.49973e-05,0.999889,-0.357262,0.0144159
0.999832,0.000215133,-9.29789e-05,0.999799,-0.315786,0.0978027
1.00009,5.04634e-05,-6.73199e-05,1.00006,-0.312502,-0.0436142
1.00023,4.04834e-05,-5.88908e-05,1.00022,0.0304111,0.0425434
1.00028,0.0001746,-0.000188339,1.00028,-0.177317,0.123353
1.00007,3.54153e-05,-8.95965e-05,1.0001,-0.195658,0.143796
1.00024,0.000136399,-3.00602e-06,1.00013,-0.0625913,0.0622814
1.00038,8.08514e-05,-2.48223e-05,1.00029,0.0615485,-0.0225413
1.00044,4.31752e-06,-6.55306e-05,1.00057,-0.0999758,-0.21476
1.00039,6.56306e-05,-4.23439e-05,1.00034,-0.210501,-0.140108
1.0002,5.59459e-05,-3.03565e-05,1.00021,-0.0116097,-0.0997687
1.00008,5.64429e-05,-6.69069e-05,1.00008,-0.156192,0.00653924
0.999938,-3.87494e-05,1.25693e-06,0.99997,-0.178939,0.0109632
0.999936,5.81713e-05,-3.66487e-05,0.999942,-0.0310864,-0.00503847
0.999896,8.05136e-05,-9.26484e-05,0.99989,-0.0363795,0.0458381
0.999901,8.74753e-05,-0.000160774,0.999887,0.0401413,0.126688
0.99986,0.00014767,-9.60232e-05,0.999929,-0.0886648,0.0618634
0.999954,9.83865e-05,-0.000156677,0.999932,-0.0649263,-0.0734241
0.99983,5.36378e-05,-6.50666e-05,0.999914,-0.156047,0.0855017
0.999868,8.10426e-05,-4.71798e-05,0.999859,0.0022993,0.0846161
0.999835,6.837e-05,-5.84544e-05,0.999854,0.0903462,-0.0235616
0.999719,0.000239078,-0.000215291,0.999718,0.173643,-0.0532688
0.999679,0.000228068,-0.000281763,0.999649,0.166491,-0.182614
0.999614,0.00015436,-0.000136879,0.999695,0.152251,-0.0232662
0.999526,0.000167915,-0.000185306,0.999518,-0.0390103,0.212956
0.999614,4.88952e-05,-9.56526e-05,0.999616,0.017059,0.10917
0.999748,9.52297e-05,-0.000131397,0.999678,0.0766673,0.169599
0.999743,0.000155754,-0.000128094,0.999757,-0.0138882,0.115882
0.999741,0.000125352,-0.000144966,0.999753,0.159986,0.185459
0.999958,0.00019074,-0.000267743,0.99993,0.118061,0.328353
0.999944,0.000262578,-9.40061e-05,0.999986,0.207042,0.0983649
0.999967,0.000170166,-0.000156514,0.999982,0.060921,0.110583
0.999936,0.000239224,-0.000153697,0.999916,0.208103,0.0838714
0.999925,0.000122522,-7.92575e-05,0.999927,0.131861,0.00498991
0.999936,4.44149e-05,-9.23307e-05,0.99997,0.082359,0.0219353
0.999995,0.000193452,-0.000177595,1.0,0.00793856,0.0410917
0.99999,0.000106803,-0.000133531,0.999966,0.00997531,0.00883481
0.999981,0.000209749,-0.000194003,0.999991,0.0476784,-0.0475794
0.999978,0.000129493,-0.000194808,0.999981,0.051769,-0.0978063
0.999939,9.79611e-05,-0.00010423,0.99994,0.0117069,0.00490952
0.999839,0.000127209,-0.000113564,0.999892,0.148111,-0.0522423
0.999943,0.00023566,-0.000161339,0.99991,0.11149,0.061991
0.999918,6.19042e-05,-0.000141941,0.999896,-0.0398974,0.0860262
0.999962,0.000149385,-0.000115987,1.00001,0.0540676,0.0832212
1.00004,0.000225727,-0.000159729,1.00002,0.340132,0.261627
