frame_index,R_cam_to_world_as_rotvec_x,R_cam_to_world_as_rotvec_y,R_cam_to_world_as_rotvec_z,t_cam_to_world_x,t_cam_to_world_y,t_cam_to_world_z
0,0.36388104886317424,-3.115218852742205,0.006424148707083493,2.332665508401931,0.32088516308689874,-0.1293410278598272
20,0.36264330273480416,-3.1126710610657597,0.006196341484664934,2.317519655228415,0.322197176178691,-0.12518031914384312
40,0.36293460467893934,-3.106886191839242,0.0050471520147354395,2.3078946855396176,0.3237040907435458,-0.12341835567350402
60,0.36335756529925967,-3.10470768498392,0.004115922119658397,2.304110345146914,0.3247072668493134,-0.12540429504907435
80,0.3635997160376755,-3.10682604486597,0.003573286504318798,2.3018488040215495,0.32541442487055483,-0.12925463440278329
100,0.3634622414443781,-3.1092408269869907,0.0030320655875131614,2.300311576808415,0.3262084346181813,-0.1325530824598044
120,0.36271204596780865,-3.111247385358983,0.0015726365992000482,2.299749678979383,0.32620035437646006,-0.13464574758566583
140,0.36241567217936005,-3.112693021677859,0.001542511421010732,2.299759967478657,0.3261283437567955,-0.1338664677234896
160,0.36137292881309047,-3.114165476141696,0.0008840412157110913,2.3001880906958347,0.32574621117179725,-0.13236182216499764
180,0.357284059897733,-3.117566054896225,0.00014102316104922834,2.2995384915337342,0.3215017896902671,-0.13070889129496274
200,0.3555734902622989,-3.119724078996353,-0.0005489061185856028,2.298225490397943,0.3106050823022748,-0.12966112067112776
220,0.3540272783510463,-3.121110517751001,-0.0008923430654661301,2.2952760715803167,0.29519535381519907,-0.12932839266325233
240,0.35289759087269273,-3.1210332773618394,-0.00035475013823499407,2.2863373742232875,0.2788632412029787,-0.12808111935601563
260,0.35167418847259974,-3.120850073118979,1.4032189543755817e-06,2.2713248317811683,0.26394392524697596,-0.1256108286655818
280,0.35078739539635134,-3.1207196515866245,0.00082354580387981,2.251443223437473,0.25089448934361125,-0.12371218833649691
300,0.349794833158194,-3.1210038327845924,0.0013413890561524804,2.227597658486584,0.23879728539500958,-0.12285383716423277
320,0.3492241014086283,-3.121633270624149,0.0019417782218437102,2.2007696714243936,0.2277250815409721,-0.12240953076039038
340,0.348288938795325,-3.122040498116806,0.0013318961895109054,2.172120332471808,0.216257896766891,-0.12180432651970574
360,-0.34689237193934314,3.1222462166243754,-0.00034009476502371835,2.1426012751269963,0.20421053065800085,-0.12123361177500883
380,-0.34541999155081216,3.1217059126143996,0.0005108968876478769,2.1148184503538525,0.18844081700312357,-0.12128979440097183
400,-0.34396708166105394,3.1213336382275454,0.001583376447212641,2.0885232759082766,0.168997791643484,-0.12222672902508103
420,-0.3426394343067628,3.1211024505669775,0.0028542995972819286,2.064146119663001,0.14625795717875728,-0.12333429901907778
440,-0.3414876836744885,3.120878258315474,0.0033006568072965867,2.0407130150376096,0.12179729993773855,-0.12440708660834734
460,-0.3402863672530251,3.1206002793199743,0.0038164884085334964,2.01684182088618,0.09648099123683915,-0.12532516761859142
480,-0.3414296291276818,3.1209001676158064,0.0041582075644329055,1.990647239998879,0.0745149916391153,-0.12483394327154274
500,-0.3433712383617642,3.1206997183867675,0.0032983704383710466,1.962542376102428,0.06080815069311382,-0.12343869636591784
520,-0.3455532923409407,3.1207699441072507,0.002822299548030257,1.934183841647691,0.05441746106209859,-0.12147338007154045
540,-0.34744798715393826,3.1210014527975862,0.0025252867122935673,1.9053461483004182,0.054175546146092185,-0.11957499200197848
560,-0.34854705652569284,3.1208318600720406,0.0013166732236608225,1.875826945626129,0.05898307514076426,-0.1175456236340992
580,-0.3493986816554015,3.121475531910944,-0.00012148406739312628,1.8461456497198427,0.067118302494256,-0.11531468793525015
600,0.34804345897437,-3.120918373860071,-0.000950126733741885,1.822240288549835,0.07426391291515086,-0.11370050023705851
620,0.34811572291900367,-3.122207565321178,-0.0016086352770734857,1.8005340189794137,0.07853036604911344,-0.11290935593580995
640,-0.3467535869782945,3.121897375723577,0.0022103655035968046,1.7786109277547775,0.07787199451811343,-0.11162153345636561
660,-0.34490846413395393,3.1217414343255725,0.003098172085998172,1.7548711452825974,0.07267624914315071,-0.10950754287756213
680,-0.34346871846481525,3.1219492108204676,0.0036465143686506924,1.729380525874278,0.06441633250916905,-0.10747562690872842
700,0.34242960085936053,-3.11993973766717,-0.0028292767868701185,1.7032664516506295,0.05450571260345294,-0.10561667117456532
720,0.34169842225363084,-3.1104703184223736,-0.001969636141748024,1.6860866526887617,0.05013832846207981,-0.10378707370389798
740,0.342860842427501,-3.104517025637477,-0.0016656246988852716,1.6782254358657982,0.049882871273610845,-0.10291910840825556
760,0.3454201146733629,-3.104091947519069,-0.0013439255561479178,1.6757384938796394,0.050051387126722954,-0.10424013896041343
780,0.34915773015138696,-3.105914363294498,-0.0012499357752420797,1.673884585222409,0.050335609546940926,-0.10718211624870214
800,0.35162450646849824,-3.1078839339232474,-0.0010422312945215643,1.6729321686932939,0.05079857739592255,-0.10963089293503353
820,0.35292080341603993,-3.110182456081538,-0.0011637111983080202,1.6723575699385052,0.05090999494644974,-0.11117578835453631
840,0.35436984617597544,-3.112243454811079,-0.0017917734911180108,1.6722728269292861,0.050485878815450934,-0.1095599415828088
860,0.35554049931007364,-3.113972157353008,-0.0021065098463601754,1.6721665836762591,0.05005985137098431,-0.10691590447576096
880,0.35661775154195446,-3.115597372280622,-0.002143627384822444,1.6719248975519463,0.04954311730022605,-0.1043082385772257
900,0.3566943293763165,-3.1177503786324197,-0.0023716746476443247,1.6718009823573607,0.04905727120563159,-0.10187230584768348
920,0.35474965992959323,-3.1188153226206494,-0.0013406118446613767,1.6662647536625814,0.047699960945009744,-0.09891062657403712
940,0.3531099574466508,-3.119509326474674,-0.000127009473291485,1.6538111084409228,0.04577609817957213,-0.09598531823661409
960,0.350924192082609,-3.1164194901942204,0.0004187367859263935,1.638265197905323,0.04430767362862294,-0.0940608355393496
980,0.3506372999092715,-3.111115464235597,0.0006513273643679388,1.6303565571166714,0.04464792630023184,-0.09425415050639326
1000,0.3513868726958803,-3.111733963405338,9.89085885873332e-05,1.6280671666334519,0.044340414112507144,-0.09691149635061319
1020,0.35325740723914345,-3.114439261291754,0.0006155335711373072,1.6266552598242803,0.04488165728625284,-0.10094192657611925
1040,0.35392070603709297,-3.117227636097182,7.179510494237898e-05,1.6262003836693275,0.044285554236533665,-0.10365661440859285
1060,0.3549572670345001,-3.1190296803448314,9.569954816234487e-05,1.6258359597195946,0.04397405692162446,-0.10429810647279888
1080,0.35579621720105836,-3.1206385698648513,0.00017994431734824225,1.6253281755641935,0.04378155833618093,-0.10443106657877237
1100,-0.3564851129473764,3.121032014557466,-0.00010286907874953751,1.6250462146087346,0.04387758050519638,-0.10426539414998501
1120,-0.35722414952687065,3.1200812382848038,0.0002473431876418775,1.6249529344268498,0.043640744916669055,-0.10316520582532406
1140,-0.35745500542158903,3.119061138259351,0.00030213809852639085,1.6250646294771147,0.04382612577140153,-0.10154967433286867
1160,-0.35797664675623336,3.1183479531979494,0.0005485859184713141,1.6250694796321377,0.04353086189199097,-0.09946829459400627
1180,-0.3582524876817461,3.118031715985965,0.0007868241586607105,1.6252918563946956,0.04338665476562067,-0.0977078583662748
1200,-0.35834518925301134,3.1176397207338438,0.0007422056191926766,1.6255706945266573,0.043216219553121944,-0.09649366578164928
1220,-0.35819071801773983,3.1173975985683517,0.0009295607075914115,1.6259046650463616,0.043039743892354106,-0.09564584965145068
1240,-0.358308852058192,3.1171450577156508,0.0011437409396002044,1.6262251678454036,0.043068895430071155,-0.09511387929257693
1260,-0.3582925054638197,3.1171147200356693,0.0009562145519984701,1.626431116936382,0.043234338130801506,-0.0949278670267687
1280,-0.35859465861839435,3.1169094346789823,0.0008363227794677277,1.6262696228355222,0.043270939527606724,-0.09528159777638637
1300,-0.3588188933205349,3.1170449255455703,0.0009020110880725382,1.6262885395733566,0.04349820808350966,-0.09614955424781362
1320,-0.35881585748228917,3.1168628149855597,0.0010425572007261498,1.6260959052505035,0.043694043757973415,-0.09688963411814767
1340,-0.3574116497490959,3.1169332618490113,0.000539958096464944,1.622886961062051,0.045829335926929435,-0.09661525145683209
1360,-0.35694416822632047,3.1165479095407327,-0.0008429620655917563,1.6141502709646645,0.05227850726224719,-0.09620403079794593
1380,-0.3556753890602948,3.1160604165986068,-0.0016415169333810929,1.600646104274994,0.06122922251354419,-0.09521948594826643
1400,-0.3542154786723864,3.116393788659113,-0.0024947081120907932,1.5819798115513333,0.06933938854846121,-0.09439497058349008
1420,0.3539834033810991,-3.120523353094478,0.001622338215572416,1.5660106291424642,0.07374090237762179,-0.09321997985515797
1440,0.3547538987213035,-3.1162640120140344,0.0011043397478111656,1.55868433644315,0.07682197483113307,-0.09337547656844651
1460,0.35490709345676685,-3.117276079118524,-0.00012081800331630041,1.5562332053657724,0.07749245433643792,-0.0951223190069377
1480,0.3536787841339946,-3.118857814089899,0.0004508007243062137,1.5488406594925752,0.07656735210035746,-0.09699735687274658
1500,0.3529277734368072,-3.1202109775808373,2.1005544475391784e-05,1.534942007007874,0.07341648894035092,-0.09645029232173973
1520,0.35227878767319265,-3.1217484944144847,0.000533443172445946,1.5158199383186468,0.0695247167753047,-0.09487076722758746
1540,-0.3524152862869274,3.120371085478759,-0.0008495370382672014,1.4925974049679283,0.06474714220224882,-0.09308348594442975
1560,-0.3550275228685265,3.118739988511657,-0.0013607891625081298,1.4661826174996269,0.06010545580353436,-0.09037157856396022
1580,-0.3555756974979837,3.1202576529399715,-0.002178090786133274,1.4399837959593131,0.06083243783207623,-0.08645824430375211
1600,0.3550742546430636,-3.1174006201775355,0.004022676545138517,1.4181541806081297,0.06932342514618892,-0.08221242553121355
1620,0.3548771374113054,-3.1100078998007072,0.005488022480040765,1.4055366321188012,0.08320231610762642,-0.0789516571945926
1640,0.3552219391067906,-3.1047118749480207,0.006609644506176699,1.400383161052969,0.10125618727046488,-0.07647905524246805
1660,0.355925456355196,-3.101659812758354,0.007741520086712177,1.4011345609837529,0.12251925597968237,-0.07373189614807484
1680,0.35713999931405566,-3.0999941726986564,0.007462666099790034,1.4061206188456796,0.14555373165570692,-0.07175738205477436
1700,0.3582787425052381,-3.104190039682134,0.007819079612551003,1.4122537084210538,0.1709653570495731,-0.0703623672524862
1720,0.3587994904040092,-3.1087733372924093,0.008190823875290737,1.4138203337265172,0.19839239656862137,-0.06875975183718282
1740,0.3583417098377107,-3.1120409472353288,0.008505489719874703,1.4089128062767786,0.2251214489207853,-0.06660442113531141
1760,0.35822376610368106,-3.1150935708649206,0.008693460964503819,1.3979597062145834,0.2501851395448626,-0.0644069121195748
1780,0.35719608249669393,-3.1174641180710805,0.007667322940287414,1.3814530370661793,0.27056334849808866,-0.06288626909750367
1800,0.35687183058899774,-3.1195657740629064,0.006684935740264417,1.3605396825999794,0.28465104736723706,-0.06068621842155276
1820,-0.35648932255192084,3.12087051259486,-0.005491708793913121,1.3364958741419197,0.29319856529986316,-0.05681429231980844
1840,-0.35762758310955545,3.1191075959904295,-0.005452758256519155,1.3101142958230263,0.30090704685034075,-0.052448123573033745
1860,-0.3617758125089529,3.118175636858247,-0.00581480728866309,1.2851945440340646,0.3135823002293423,-0.04767290109506468
1880,-0.3628956615547201,3.119809218202802,-0.0063398126391906355,1.2640687736810348,0.3314026556315013,-0.04302758040768129
1900,0.36332689356815145,-3.1145462202509964,0.008074448118385123,1.2486611669251897,0.3537492211689388,-0.03857618495381831
1920,0.36268934792595625,-3.111571155990221,0.007465050983609657,1.2410096619334843,0.3771982057076195,-0.03488307144007884
1940,0.36205983284865906,-3.1150910566195646,0.006799551053417862,1.235118068920765,0.3928987129305423,-0.033303669560984114
1960,0.36306408558595027,-3.1168675195209974,0.004972480332096272,1.2320255413001522,0.39921593386527693,-0.0340709627012223
1980,0.3647783187648991,-3.1180921155412817,0.0037826050651973593,1.2314083657802577,0.40119014982002055,-0.034901097104487404
2000,0.3666189511705365,-3.119134659898382,0.0025640602097326613,1.2313832732107581,0.40214047848567486,-0.03559511975769566
2020,-0.36799943467069024,3.119504385846871,-0.0007253423607042379,1.231255616577396,0.40212636662568463,-0.03535298060418329
2040,-0.36939522872229225,3.1181163105172582,-0.00042425581190196093,1.231076253331647,0.4023417663555957,-0.033371121318362604
2060,-0.37043773586099915,3.116905807573969,0.00019470152879140748,1.2308576906663709,0.4023803253557479,-0.030620754230077443
2080,-0.37152977271326615,3.116566855232791,0.00037821828115516034,1.2307819454762297,0.40244097865013584,-0.027908659899912862
2100,-0.37222815727107844,3.1162862183184528,0.0011587728359801748,1.2307324111942353,0.40205208357255,-0.025690987955334477
2120,-0.3732471136323675,3.1159326385585806,0.0009033064869336236,1.2308230939930715,0.40212102817803164,-0.024134980377407293
2140,-0.3742099834903131,3.115983175081872,0.0015480215385088767,1.231024463812484,0.4015991946214425,-0.02349711618242529
2160,-0.37515693848095116,3.116178457182235,0.0012756155205543769,1.2312297556474077,0.40187735124047924,-0.023686609068728482
2180,-0.3757459223488887,3.116393151598496,0.001267243926622391,1.2312331886212575,0.401999660410129,-0.024098525045111327
2200,-0.37759912154773734,3.117113954858458,0.00029948655457293007,1.230841825349534,0.40306317706211436,-0.024229821288027673
2220,-0.3804912077553089,3.1183432499119057,-0.00040328048133238226,1.2292010579045176,0.4101137121064201,-0.024171358552943608
2240,-0.3801517056858317,3.1179471171927613,-0.00016712543477587867,1.2263958464123936,0.42038498857524653,-0.025390847356060214
2260,-0.380088627809841,3.1174523549686857,0.00011930279625367349,1.225395796112396,0.42332599470826204,-0.027939634045563214
2280,-0.38006837204284233,3.1175415146588903,-3.192143878972402e-05,1.2238599822434184,0.4234378467607102,-0.0318408226357981
2300,-0.37904271239952736,3.1179760961553233,0.0007996435716257134,1.217055569540555,0.4174097761353382,-0.034654490758044554
2320,-0.3785220459499552,3.1179328892178204,0.0014835674495458095,1.2065986575171614,0.4061436899096067,-0.03533630998064196
2340,-0.3781423126128263,3.1182359679060676,0.0014853877350254731,1.1927356023149371,0.3916320347022401,-0.03515023416077335
2360,0.3781918353389359,-3.1185006344360766,-0.0006614792564080178,1.174170091758191,0.377403237529254,-0.0340182698653687
2380,0.3791981025843441,-3.1184023082311803,0.00019515501674997762,1.1512292883147233,0.3648002864785028,-0.03138472123930805
2400,0.38015606032417565,-3.118344924520759,0.0007127715966778802,1.1256560465602004,0.3529913524265978,-0.028330170931116186
2420,-0.38125521183491856,3.1181186270905004,-0.0010732390579091479,1.0973097175676356,0.3417910942533195,-0.025433945877192464
2440,-0.3822770267569225,3.11753318523503,-0.0017963303763460533,1.0669774136791412,0.3314745501979866,-0.0230347292739097
2460,-0.3831117602919473,3.117099326510066,-0.0015140051562357547,1.0355723404452701,0.3216134759969117,-0.020649170077075844
2480,-0.38397413528589514,3.1167548069624598,-0.002063060024276649,1.0034365609076499,0.31220226504372856,-0.018140264491491028
2500,-0.3849232254887024,3.1168522152890543,-0.0020833873166671967,0.9705749709361072,0.30303532651092513,-0.016225339566629388
2520,-0.38556645072472173,3.1166942444430723,-0.001841646132006679,0.9367758124885865,0.2939810581938727,-0.014634177083189415
2540,0.38624093127457515,-3.11763773284529,0.0026176869586187635,0.9027349790963178,0.28557227303034016,-0.012984538259026257
2560,0.3848134397878174,-3.1086910862325112,0.004004277070486377,0.877470568238471,0.2809326149924242,-0.011480321457362089
2580,0.38496644707947886,-3.1010810964759123,0.003604023399745917,0.8630512298993357,0.27934678493596377,-0.010946144637216269
2600,0.38485061509873336,-3.0972273435171807,0.002451928065827823,0.8579967283748218,0.27905100651295117,-0.012172425343266721
2620,0.38545024985991483,-3.100188144260309,0.0023927407186009374,0.8561651929423048,0.2792766919685581,-0.015162000444660097
2640,0.38557458382299664,-3.103168414127845,0.0023810422910005517,0.85550421977411,0.27928534636903085,-0.01885852159012395
2660,0.3857096998666093,-3.1056444965698047,0.0019354924071565418,0.8552872202934466,0.27892419443272826,-0.020898871686226474
2680,0.3859103305710618,-3.107760841384599,0.001207483463228898,0.8548365059307826,0.27868786955685754,-0.020640346948854183
2700,0.38612747063785813,-3.1092180704496624,0.0011588222822895128,0.8542912671476539,0.2788121094035892,-0.020017174858445088
2720,0.3862752107637519,-3.110296090903763,0.0003382257126417982,0.8539650342821563,0.27832885896975845,-0.01935749548318768
2740,0.3863556388228189,-3.111243597160194,0.00029314109217592164,0.8536504305335028,0.2783709717373401,-0.01838249098791739
2760,0.38644178958461683,-3.1119483481922257,-0.0001716425169965589,0.8535373898662181,0.2782158753122651,-0.017190796152478968
2780,0.3868500776428281,-3.112655400667107,-0.0004319587269497651,0.8532537273388263,0.2781291826674844,-0.016334854700974604
2800,0.3874164057173004,-3.1132989010604724,-0.00024844155517879813,0.8534078122943972,0.27840254618323196,-0.016148570190853553
2820,0.3865272771127312,-3.113224351910948,0.0003731194491865364,0.8485536989705493,0.2771064519457206,-0.015163935822564704
2840,0.38568175025947216,-3.1134223725733277,0.0020666985619081945,0.8366939955507626,0.2744819346748278,-0.012855332090781183
2860,0.38497822027213535,-3.1139673774696663,0.0026508551648055916,0.8189899985996214,0.27067465893187465,-0.010426937385891956
2880,0.38453817131525897,-3.1146729082926257,0.0034444064174280185,0.7969176002319704,0.26651672710635715,-0.007631903003422498
2900,0.38383145106085365,-3.1119211613511957,0.004509445370455569,0.7736014108357984,0.2625015784341002,-0.005199515819891591
2920,0.38551358042076633,-3.108703876650117,0.00541297015291084,0.7560501031977498,0.26331858562562227,-0.002985051314608832
2940,0.38772602340354323,-3.1085178201656984,0.006627624041246861,0.7424360866265425,0.2712095839507315,-0.001243704892773957
2960,0.3927202953190362,-3.109775115235362,0.006856975468480705,0.7285612054455589,0.2840739684227571,-0.0005913857358201451
2980,0.39388406339133764,-3.111269604354997,0.005836522508467334,0.714989837117765,0.2976879275832659,-0.0016609328720608178
3000,0.3945356883813482,-3.1124482538830804,0.004500523327816295,0.7012271041779689,0.3035418805738586,-0.0034582820220548775
3020,0.39406272561809097,-3.1140699751398344,0.002296178300071546,0.6850030348287949,0.30137607447449605,-0.003566546290183113
3040,0.3931434281752228,-3.1162479204403337,0.0008709480344430169,0.666842482451186,0.29311098831101345,-0.0012050417439247055
3060,-0.3916760687164501,3.1160949523059243,-0.0003488743866645951,0.647861908074374,0.2802804032979122,0.0011117606419747937
3080,-0.39051475491333715,3.1148520119942424,0.0003503537943409002,0.6277564260364294,0.26382149301370444,0.00265790740341437
3100,-0.38989358519384154,3.114174993191451,0.000150492099805931,0.6063593818861182,0.24494694227866642,0.004003723502049821
3120,-0.39008566171937514,3.1141775353594188,-0.001276047888791997,0.5829081910738415,0.22605394067491277,0.00541983013159431
3140,-0.3908610895173687,3.1140398043682493,-0.00220541853937694,0.5566860977982878,0.2085405979105232,0.007060914303059336
3160,-0.391047155665389,3.1139395427725174,-0.003442557269259693,0.5283282062005683,0.19350806612957744,0.008973131405141783
3180,-0.39110541486861866,3.1139124262457085,-0.005184793416137918,0.4981488141709428,0.1802457105519529,0.010349501022296695
3200,-0.39115535173407584,3.1141608402945544,-0.006067074025622563,0.46682252536507945,0.1680662599611177,0.01111914379650809
3220,-0.39099941267831806,3.114286729485697,-0.006886944031049488,0.4344651801558769,0.15714019196880355,0.011720514792176276
3240,-0.3907043492837406,3.114035921480958,-0.008107046621947679,0.4011604275220638,0.1475023034477824,0.012650542497710828
3260,-0.3903807993890438,3.11372097910367,-0.008096316418044116,0.3673641417050979,0.1375833692124535,0.01392803935031125
3280,-0.39025194473214764,3.1134698180323115,-0.009250081103279701,0.3331235587058424,0.12873300790572262,0.015214444114490919
3300,-0.38999227658031166,3.1132139517779613,-0.009492072357958448,0.29855933369381116,0.12011359937022169,0.01647923073850019
3320,-0.3894127085623363,3.113167630244663,-0.009052221866007808,0.2644228662406086,0.11014122243639832,0.017680314045354518
3340,-0.387832759108994,3.113050191813904,-0.008022678283825364,0.23295809303999246,0.09624160411301753,0.018167750291018525
3360,-0.38646702856593723,3.112632112859408,-0.007461884357501508,0.20637832419996355,0.07782435414756547,0.01772576442601072
3380,-0.3849616977846351,3.1120943953312614,-0.0070926551585653195,0.184870923336209,0.055305236816692305,0.01685640602992231
3400,-0.3858554334924721,3.113372385617639,-0.007775850021539266,0.16253675160327558,0.03403032462352676,0.016241615322251584
3420,0.38628602036374754,-3.117368179449543,0.009469735728263443,0.13826947919082636,0.01590503718130813,0.0168729523333053
3440,0.38520743465067475,-3.1085047073305296,0.010780989735530462,0.12171608564275284,0.005990705374771898,0.01794908656225536
3460,0.3848977599339355,-3.1013408930631217,0.012078753205403532,0.1145248109506421,0.0029848154971401585,0.018355242922857402
3480,0.38510182410270316,-3.102837125436926,0.01133001932882647,0.11232693962023713,0.0022968482726736686,0.01656513807415491
3500,0.3859588800397786,-3.105654820840115,0.010991471434057338,0.11086120918218288,0.002538079649578471,0.01224531045310138
3520,0.3865704426123053,-3.1073830093170254,0.010104197878139511,0.11026743752557852,0.00278231883464779,0.008621797490685779
3540,0.3871649415381289,-3.109315516561166,0.008539669838655275,0.10992562995311067,0.002666407454854475,0.007164230077591965
3560,0.3873197815339378,-3.1113638223834834,0.007056678588003584,0.10960398155679173,0.0023213852015607837,0.007388869285946321
3580,0.386255218092761,-3.111626020924296,0.006890360025134416,0.10520092289345542,0.0008778345153373632,0.00849682275119203
3600,0.38506248370465623,-3.1123183027012233,0.00721006775146585,0.09324224059696835,-0.0020397155684705897,0.011033271593176412
3620,0.3842513222255876,-3.109370627409221,0.007196848850109482,0.08050822564210924,-0.004805008581739735,0.013554273047952838
3640,0.385089987658977,-3.1117246319809193,0.007712859454434968,0.06958344118015301,-0.006308464974202458,0.014755252083384263
3660,0.3849287658326898,-3.108747164185359,0.007825860368609697,0.05869143368574226,-0.008180659581517001,0.015518898413678279
3680,0.3861319312786034,-3.1063487307347724,0.007160744271221877,0.05432730344437601,-0.008382628451362454,0.01601736439924898
3700,0.38801268342324374,-3.1080171999260844,0.006418015774889884,0.05257990304037467,-0.008052127889547789,0.014783473355792092
3720,0.38990526914273693,-3.1097681945738445,0.005385268255655904,0.05150891909669338,-0.00811439830962689,0.01293188316462856
3740,0.3915408689000819,-3.1115517127873775,0.003628023380720729,0.05084260325611147,-0.008266897460797928,0.011752458963877286
3760,0.3927298382640569,-3.112876588874,0.0022204981584736387,0.050626447601127,-0.008592126041427414,0.012147241573197232
3780,0.3936291992540574,-3.114115192188083,0.0012351995381627546,0.05031970886436471,-0.008891002229001065,0.01267472987085164
3800,0.3943208824258179,-3.1151932760779086,0.0001097366431150437,0.05015204983523433,-0.009274583689022713,0.013408160039168705
3820,0.39488658092172607,-3.1158895884962443,-0.00029606230171176585,0.05029176305245966,-0.009174305976051093,0.014376575204933443
3840,-0.39537372187804126,3.1166141725770204,0.00031054458523878696,0.050478706211544516,-0.00914280639503487,0.015482267297541555
3860,-0.3955662775521156,3.115716302324464,0.000614320999135921,0.05057080132175069,-0.009069945342922998,0.016650740486253944
3880,-0.3953672589508143,3.1151445049738133,0.0005123410863361464,0.05073057643127956,-0.00881389750342524,0.01777794970246399
3900,-0.395234987411336,3.114447502143696,0.000855726806450461,0.050921780928608044,-0.009042129104573767,0.01895106342160943
3920,-0.39520535812831536,3.1139725118334125,0.0006894626772909452,0.05101762195699619,-0.009160552187386694,0.020245323365781442
3940,-0.3953041818343587,3.1132846803812706,-0.00012253527354170207,0.050911992685159994,-0.008862910115167924,0.02096893542766107
3960,-0.3949455691049467,3.1125688451235365,-0.0003357012253789942,0.05082288016600739,-0.008931953617269995,0.02166480179305642
3980,-0.39490376236653346,3.1122170972415284,-0.00044480851130326653,0.05083296056610939,-0.008930045994798689,0.022135904596188884
4000,-0.3950707335948676,3.112068571421812,-0.0004358150004616572,0.05083033182749967,-0.009011185308263522,0.022168145972441017
4020,-0.39540853758134814,3.112051369678734,-0.0005328918745878412,0.05081629369773837,-0.008919568404412909,0.022018432710258353
4040,-0.39612747734079384,3.1122311347874447,-0.0009314406123417868,0.050816623318711514,-0.008759022454963034,0.021219231285017542
4060,-0.39672453632107063,3.1136072832958375,-0.0005282410190028111,0.051199307769911745,-0.008858930136135918,0.019276456995389653
4080,-0.39874423324358216,3.1151125751951594,0.0009806776028162432,0.054858960642127995,-0.010769423803860395,0.017757746343570167
4100,-0.3992961618174876,3.1161121541071384,0.0024311238661380743,0.06071898679238315,-0.014032609401906815,0.01642733707738041
4120,0.3998843640183337,-3.1150494431516007,-0.004058543239730059,0.06840173928847465,-0.01849961436897059,0.015646794582497837
4140,0.400963273987591,-3.1129632986718465,-0.005627135155829106,0.07788317157327726,-0.02355747421550426,0.014709037143318901
4160,0.40199687438457615,-3.1101921147692315,-0.005953119798697182,0.08926516607723609,-0.028808942147415324,0.013758569246098203
4180,0.40360363123328635,-3.1060077609579055,-0.005053380907181324,0.10248881002208202,-0.03274712774231912,0.012475546310770337
4200,0.4044914523990954,-3.0992899214719634,-0.0027088458815873696,0.11848862838432274,-0.03332452960277232,0.010478184098829692
4220,0.4050016072812307,-3.0923573993915365,-0.000568630348679123,0.13804889563621398,-0.030046311353744835,0.008583955890799548
4240,0.4055671893155116,-3.087150511159401,1.198256230750393e-05,0.16110817948946587,-0.02329030540779422,0.00614239284086771
4260,0.4054929165001957,-3.087827096978367,0.0009362879176009666,0.17728415236385903,-0.0181535273718195,0.006275418449713962
4280,0.40487940139589623,-3.0880013678248153,0.0016488076565378557,0.17982843529535517,-0.016861759178919272,0.005508658963978859
4300,0.4046543788327424,-3.0840661253373374,0.0018263661931581772,0.182661374883013,-0.015372311818612412,0.004405056434306697
4320,0.4052042894208099,-3.079888260118701,0.0020261062828357984,0.192092912373102,-0.012255124872582741,0.0031851794927683264
4340,0.405619518961905,-3.07769133919475,0.001546313982907954,0.2068248116461927,-0.007616153667975898,0.0009757570374786444
4360,0.4048415421494559,-3.080932829549141,-0.0003473735347947029,0.2252168130329538,-0.006229086438514553,-0.00013688582035547428
4380,0.40330385478042147,-3.086673019266408,-0.0023499999409455287,0.24493928028484735,-0.009682659671398142,-0.00041239352493155904
4400,0.4024665858152538,-3.0854773766769066,-0.0015869315453724273,0.2549248587364844,-0.012397758403773834,0.00045605880585523016
4420,0.4015803109272076,-3.089038378927799,-0.0008457292815184668,0.2556366008229731,-0.013109525634733015,6.215257693224351e-05
4440,0.3998722084961381,-3.0930741686781515,-0.00029038756615372755,0.25476851586881905,-0.013198639086652942,-0.00037914832816612274
4460,0.39863730315369317,-3.0965023888209156,-0.0008176874023687326,0.25411757335473034,-0.013025828231649298,-0.0009968909469858609
4480,0.39757864377512425,-3.0993643898450483,-0.000849755165474208,0.2538977340480477,-0.012872309444872214,-0.0007395095929356464
4500,0.3967110310898255,-3.1017627739833986,-0.0015865278426921777,0.2538409031920608,-0.012966693258575563,-0.0007861164387504119
4520,0.39572563343904626,-3.1040017244602223,-0.001787104594709074,0.25379862421028515,-0.0130379216950024,-0.0006823767938328942
4540,0.394978565189635,-3.105918080855861,-0.0016995354546418314,0.2538187052258475,-0.013098823628412224,-0.0003739006037481933
4560,0.3945159675216664,-3.107622669813326,-0.001363579870882137,0.25376598393170696,-0.01310831726652012,-9.544341619063461e-05
4580,0.3940311900785366,-3.1062968455979734,-0.001372903794991462,0.2543472102551366,-0.013594920827688317,5.291262790785855e-05
4600,0.39428155211336174,-3.1025012675691466,-0.002257332004527975,0.2604778093979592,-0.017336165058736676,-0.0003193835268086036
4620,0.39520442626593094,-3.098872311652099,-0.0031688054377510128,0.2712126857899072,-0.023265471804881425,-0.0017813401241216554
4640,0.3959002530369192,-3.0928484389324353,-0.002638808521451702,0.2869511186436994,-0.028596557802800657,-0.0029028354118234892
4660,0.3963212930431985,-3.087601860505379,-0.0017926848791467167,0.30643687416843346,-0.031025535681209544,-0.003828002911013738
4680,0.39710503361055655,-3.0873638548415814,-0.002735758220032921,0.32545276121822103,-0.032417194979502954,-0.0026080023115179927
4700,0.3962153833470718,-3.087562144850239,-0.0008855552180441217,0.33179539770638455,-0.03264684318389837,-0.0015805988122212645
4720,0.39498495863286787,-3.0925427161170447,-4.480780694958315e-05,0.3324605520778185,-0.032649708532908064,-0.0006400880021405019
4740,0.3942731246222866,-3.0964430603283226,0.0009984875832117093,0.33176396964806565,-0.032335598986688266,-0.0018592052431761264
4760,0.3936216167594847,-3.09954002602798,0.0010816888475867407,0.3313755958074318,-0.03193584052108461,-0.004050847007622762
4780,0.39298328855562503,-3.1019278478413783,0.0010162655722715896,0.3313365906075082,-0.031763030442680695,-0.005470518274373119
4800,0.3925271199603417,-3.1037630553574216,0.0005100442662982094,0.3313102456377268,-0.03169136250082503,-0.006417736305448161
4820,0.39221570431456737,-3.1054781935642297,-0.00045760029136657774,0.3311738601573923,-0.03194997746106824,-0.006576211816868078
4840,0.39187578856516336,-3.106828884918916,-0.0006695471649324399,0.3309651297651091,-0.032097007634801895,-0.006238349420960284
4860,0.3916451238427447,-3.107730709026954,-0.0009673308701208704,0.3309087300181628,-0.03236106316172689,-0.005812374683439987
4880,0.39163935977396475,-3.10835061588171,-0.0008323489992149513,0.3309636409217775,-0.032453406361585,-0.005337748795300896
4900,0.3916928746085186,-3.108744046648966,-0.00022587891363100965,0.3309889131017849,-0.03219874301923316,-0.004931858453575984
4920,0.39251592620094367,-3.109674929289582,-0.0004595965551250856,0.3286510562308541,-0.02838966662794659,-0.003769400966145461
4940,0.39288940780927223,-3.109327004670256,-0.0005762754548964094,0.3220638987462665,-0.020173381887585808,-0.0024341567432189346
4960,0.3952171546189235,-3.1070331784347536,-0.0010700544046171876,0.3186153499203249,-0.016170591878226285,-0.0026449338323768987
4980,0.3969821933015535,-3.1065823273291646,-0.0012831023868615826,0.31753306103723433,-0.014898284856395593,-0.005742499346315989
5000,0.39813382485278165,-3.1072891767897644,-0.0014159015003564215,0.3172431161319802,-0.014195047378409011,-0.009221544868248423
5020,0.39873029924234826,-3.1085842710763116,-0.002625023346832146,0.31723413701079456,-0.014226615128298372,-0.011181130183684515
5040,0.3997086274299357,-3.109956124609942,-0.003913266724670521,0.316806863372813,-0.014582020305839057,-0.01050273591988257
5060,0.4009473936050668,-3.1101869842804453,-0.004481507946844385,0.3162234818417699,-0.01503360983036545,-0.009202969371171816
5080,0.40216574476187866,-3.109349174667089,-0.004928412341691357,0.31610909334647436,-0.015637725718219617,-0.007640928688530526
5100,0.4029497177143789,-3.1087625635262874,-0.004372021127503153,0.31620286229337313,-0.01564263316068633,-0.005747580927141877
5120,0.4037074607488462,-3.1078846335412864,-0.0035469388303761293,0.31654450326355626,-0.015621510243356545,-0.00454711140902627
5140,0.4042010662690311,-3.1080226513037554,-0.0027272886127594717,0.3167957372711973,-0.015490939293745447,-0.003175391161483738
5160,0.4040383400602425,-3.1086383045773127,-0.0022041037690520384,0.3172622299236301,-0.015323895282036265,-0.002031325121586841
5180,0.40365587468144304,-3.1095061150145282,-0.0019375670133003212,0.3176056790762021,-0.015206033782472502,-0.0010030281789614691
5200,0.40351708715129025,-3.110349406913933,-0.0014752875727293588,0.31782022836974383,-0.015179300605924819,-0.000193277970248013
5220,0.4034518745354603,-3.1112291159783534,-0.000817826627563928,0.3178162521404621,-0.01505787451949675,0.00013395665799196128
5240,0.4034460270243077,-3.112028811806379,-0.0006409153960459763,0.31776029257474897,-0.015123421445761244,0.00011071535906903007
5260,0.40360585211492594,-3.112494260246546,-7.163035751026714e-05,0.3176854084404315,-0.015045948564824907,-1.2238111973876376e-05
5280,0.4036891916299895,-3.1129518132705725,0.00045024007118649694,0.31772881592482444,-0.014688722581215122,-0.00041409003410293406
5300,0.40384982611106995,-3.1137452412194766,0.00018119100238929352,0.31766853118168625,-0.014700767024340417,-0.0005347355299105662
5320,0.4043215324299503,-3.1139714825737443,8.995945690941953e-05,0.3174476585593674,-0.014604592504222493,-0.0007800650408665322
5340,0.4056566469838233,-3.1135104910106977,0.0002992602232332998,0.31708630743788985,-0.01321510631161886,-0.0013312089262331745
5360,0.4084539894197333,-3.1128177977047864,0.001307600679225478,0.3143602149099765,-0.0050742261138328765,-0.0006886626146530566
5380,0.4106181269400855,-3.1120491026479873,0.002436786099217547,0.3104070761196213,0.00929673343107624,0.0010982592280163559
5400,0.4112562080805283,-3.1121769872368765,0.003139218591956223,0.30545409016740366,0.02644954089219351,0.0021377546463046512
5420,0.4097523629990871,-3.1133120751190155,0.0029424687065478096,0.3016505750353118,0.03653736064155608,0.0010754836851284736
5440,0.4100172529095715,-3.112983385606461,0.0022595332429792996,0.3004371480552161,0.03959705154383524,-0.0023319372881444294
5460,0.4104567403626993,-3.1124201793262047,0.0028712358607868764,0.300225223760023,0.04094645509952026,-0.005625038481273019
5480,0.40989935184789544,-3.113454589226296,0.0029682926826224442,0.2998411183200761,0.04173323112893647,-0.008084150350613929
5500,0.40972842971400175,-3.1143199237131904,0.0020056732936813977,0.2997824972725608,0.04133181991953245,-0.007372402823709142
5520,-0.40974788253461103,3.114408192190267,-0.0015078510501430839,0.29970871659787696,0.04087825558562381,-0.00447526624598431
5540,-0.4096867143347752,3.1138844766633973,-0.001245432777404147,0.29979985308494694,0.04044721668323366,-0.0007988003831728485
5560,-0.4099466300588766,3.113579241447077,-0.0010953186777776657,0.29990887238896197,0.040044901049669734,0.0029679249249864106
5580,-0.41004863458582425,3.1136588561755625,-0.0003518733344631218,0.3003210475781574,0.03965073758424065,0.006178898177655018
5600,-0.4100827594787425,3.113540402158916,-0.00028035276332579254,0.30038846533720925,0.039476290767985873,0.00832288892470563
5620,-0.41045174698001996,3.1139872396105828,-0.00021792370892386283,0.3008192295543302,0.03955006200099891,0.00948903556351489
5640,-0.41071276755874003,3.1139727529497203,0.000184623099902486,0.30086883546766424,0.03948927434653836,0.009840970989687043
5660,-0.41118655467764514,3.1141004225665436,0.0006036552272445645,0.30090678093095136,0.03951615154152974,0.009659779380068215
5680,-0.4117231478040053,3.114265187914159,0.001431600066501119,0.30086055896365127,0.039607842768800104,0.008685865109823936
5700,-0.41210602317687267,3.1143803566820005,0.0016549752100836538,0.30085197263865354,0.03975596491998643,0.007727020415624706
5720,0.41271728596070817,-3.113873897966829,-0.0020672769332795724,0.300949168600811,0.03959003208798746,0.0069780722415757855
5740,0.4133582684444093,-3.1138844328761355,-0.002238998645771925,0.30066634430682415,0.03935892342675833,0.005698155751632324
5760,0.4142099748643873,-3.1132914654008035,-0.002150147461693628,0.3007271435522322,0.039524725714772384,0.004430703734242817
5780,0.4149787868007281,-3.113493000450969,-0.0024047238056201167,0.3002301008237576,0.03946415792928064,0.0035061942682869736
5800,0.4152894250165443,-3.1131731134267584,-0.0020508516202716906,0.3004411844117684,0.03970306277165447,0.0029657423894866846
5820,0.4153836954243504,-3.113726378737932,-0.002220455710754576,0.30066668004504205,0.0394483599592435,0.003050231700262814
5840,0.41578080332915685,-3.113942510773733,-0.001432066181438052,0.30061037414625574,0.03922461775069552,0.003751582072352255
5860,-0.4162071549645853,3.113858558526459,0.0009272650855953888,0.3007813821298497,0.038959756746728066,0.004103265057670389
5880,-0.41690640732294615,3.1137465671365248,0.00027072956434953075,0.30083614221732335,0.038920152190209084,0.004495402220191871
5900,0.41747221026022957,-3.113530382395317,-0.00018168244511928134,0.30087412043655437,0.03897302443571593,0.004327326089988097
5920,0.41802295366797304,-3.1132012823487716,0.0001499423941091375,0.3007751437876757,0.03922537783684624,0.004400384312439799
5940,0.41827811424595623,-3.113338829658122,0.0003623099309830238,0.3009499067546591,0.03948056815771542,0.003905323167183607
5960,0.4186820206433357,-3.113466687642942,0.00011527114448191794,0.3010479011437283,0.03941196750488105,0.0042340182511086824
5980,-0.41925333568368395,3.1134104556345243,-4.2881323254596307e-05,0.3011143583706054,0.039684366873218066,0.00472701524074274
6000,-0.4194153242801483,3.113366464842362,0.00011501366315711114,0.3011681577931344,0.03945602020726585,0.0057478162918137106
6020,-0.41955514585272297,3.1131457765937025,0.00021205386091506984,0.30122232792424014,0.03924914474217178,0.006473610344954784
6040,-0.41965399019507904,3.112864666559051,0.0003207610901916888,0.3011598772973064,0.03925051762339184,0.006366982115908948
6060,-0.4201841081862149,3.112768543104419,0.0004987286934888973,0.3011235387375059,0.03929458115937331,0.006054124432898887
6080,-0.4207340742370149,3.1125727722767857,0.00024120679376503037,0.3011693993013274,0.03955344255707859,0.005766285548082221
6100,-0.42122835469137826,3.1126900974878464,0.0001291302480648784,0.3011849705767958,0.039631436662037896,0.005243317245696676
6120,-0.42215306714076156,3.112780112385247,2.882339402927654e-05,0.30115616516177146,0.03948518317688205,0.004338746955693561
6140,-0.42276721717292143,3.1127740195551516,-5.030608189724008e-05,0.3011065660879046,0.039778779009674296,0.0032650362747226928
6160,-0.42333292143124884,3.1127391601291037,0.00014275091588558363,0.3009725842744768,0.03990179100773205,0.0025757322507004242
6180,-0.4240275812031625,3.1126277838627328,0.00036285040420324044,0.30062885157342273,0.040011456131581496,0.002451042138905683
6200,-0.4247308402302124,3.112633104020195,0.0003341022352947119,0.30041803023817915,0.04007406119018694,0.002273430839340064
6220,-0.42542524131356074,3.11253577714743,0.00045878779286948756,0.3003049970031834,0.0400340051358705,0.002186146709770131
6240,-0.4262855737064971,3.112472164304793,0.0006118491481151137,0.30029808116295464,0.039826824002290075,0.0021302206013961928
6260,0.426976825118926,-3.1124111571433195,-0.0004177346160094783,0.30019577853955604,0.03989134418350808,0.0018277784727475464
6280,0.427575400637387,-3.1122215958918074,-0.00045130941637738466,0.30022812567967566,0.04002908100164014,0.0016502105407113338
6293,0.42783305520653075,-3.111891305152745,-0.0006796836579761039,0.30025789477849363,0.04006299937769505,0.0016811642311636754
